;;;Temps;Profondeur (m);Surconsommation (%);Pression béton (bar);Vitesse d'avancement (m/h);Couple de rotation (bar);Vitesse de rotation (rev/min)
Chantier;GOLDEN GLOVER;;00:00:00;0,00;58,1;1,2;0;-6,2;0,0
Contrat;60159;;00:00:00;0,00;58,1;1,2;0;-6,2;0,0
Nom;P204;;00:00:00;0,00;58,1;1,2;0;-6,2;0,0
Date début;17/02/2021 08:54:58;;00:00:00;0,00;58,1;1,2;0;-6,2;0,0
Début bétonnage;17/02/2021 09:03:13;;00:00:00;0,00;58,1;1,2;0;-6,2;0,0
Fin pieu;17/02/2021 09:18:08;;00:00:10;0,00;58,1;1,2;0;-6,2;0,0
Diamètre pieu (mm);460;;00:00:20;0,00;58,1;1,2;1;4,9;2,3
Longueur pieu (m);26,05;;00:00:30;0,00;58,1;1,2;0;21,9;7,9
Volume béton (m3);4,788;;00:00:39;0,03;58,1;1,2;8;39,2;11,2
Surconsommation (%);10;;00:00:40;0,05;58,1;1,2;236;43,5;12,0
;;;00:00:40;0,07;58,1;1,2;282;43,5;12,0
;;;00:00:40;0,10;58,1;1,2;389;43,5;12,0
;;;00:00:41;0,12;58,1;1,2;350;43,5;12,0
;;;00:00:41;0,15;58,1;1,2;260;51,0;12,0
;;;00:00:41;0,17;58,1;1,2;243;51,0;12,0
;;;00:00:42;0,19;58,1;1,2;272;54,3;12,0
;;;00:00:42;0,21;58,1;1,2;268;56,4;12,0
;;;00:00:43;0,24;58,1;1,2;258;56,4;12,0
;;;00:00:43;0,26;58,1;1,2;397;56,4;12,0
;;;00:00:43;0,29;58,1;1,2;219;56,4;12,0
;;;00:00:44;0,31;58,1;1,2;246;56,9;12,0
;;;00:00:44;0,34;58,1;1,2;311;57,5;12,0
;;;00:00:44;0,36;58,1;1,2;272;57,5;12,0
;;;00:00:45;0,38;58,1;1,2;302;58,0;12,0
;;;00:00:45;0,40;58,1;1,2;365;59,7;12,0
;;;00:00:45;0,43;58,1;1,2;311;59,7;12,0
;;;00:00:46;0,45;58,1;1,2;311;59,7;12,0
;;;00:00:46;0,47;58,1;1,2;321;58,8;12,0
;;;00:00:46;0,50;58,1;1,2;276;58,6;12,0
;;;00:00:47;0,52;58,1;1,2;271;59,2;12,0
;;;00:00:47;0,54;58,1;1,2;341;60,8;12,0
;;;00:00:47;0,57;58,1;1,2;250;60,8;12,0
;;;00:00:48;0,60;58,1;1,2;272;63,4;11,6
;;;00:00:48;0,63;58,1;1,2;352;67,2;11,0
;;;00:00:49;0,65;58,1;1,2;372;67,2;11,0
;;;00:00:49;0,67;58,1;1,2;208;72,6;12,0
;;;00:00:49;0,70;58,1;1,2;260;72,6;12,0
;;;00:00:50;0,73;58,1;1,2;308;73,5;12,0
;;;00:00:50;0,75;58,1;1,2;220;75,9;12,0
;;;00:00:51;0,78;58,1;1,2;268;75,9;12,0
;;;00:00:51;0,80;58,1;1,2;229;80,5;12,0
;;;00:00:51;0,82;58,1;1,2;272;81,3;12,0
;;;00:00:52;0,84;58,1;1,2;282;82,2;12,0
;;;00:00:52;0,87;58,1;1,2;259;86,7;12,0
;;;00:00:53;0,89;58,1;1,2;243;86,7;12,0
;;;00:00:53;0,92;58,1;1,2;268;84,9;12,0
;;;00:00:53;0,94;58,1;1,2;284;84,5;12,0
;;;00:00:54;0,97;58,1;1,2;250;86,7;12,0
;;;00:00:54;0,99;58,1;1,2;268;92,1;12,0
;;;00:00:55;1,01;58,1;1,2;250;92,1;12,0
;;;00:00:55;1,03;58,1;1,2;401;94,5;12,0
;;;00:00:55;1,06;58,1;1,2;251;95,3;12,0
;;;00:00:56;1,09;58,1;1,2;225;97,2;11,5
;;;00:00:56;1,11;58,1;1,2;243;99,6;10,9
;;;00:00:57;1,14;58,1;1,2;213;100,2;10,9
;;;00:00:57;1,16;58,1;1,2;268;104,0;10,9
;;;00:00:58;1,18;58,1;1,2;250;104,0;10,9
;;;00:00:58;1,21;58,1;1,2;300;104,7;11,0
;;;00:00:58;1,23;58,1;1,2;235;105,0;11,0
;;;00:00:59;1,25;58,1;1,2;202;106,3;11,0
;;;00:00:59;1,27;58,1;1,2;251;109,4;11,0
;;;00:01:00;1,29;58,1;1,2;236;109,4;11,0
;;;00:01:00;1,32;58,1;1,2;308;107,6;11,0
;;;00:01:00;1,34;58,1;1,2;219;107,2;11,0
;;;00:01:01;1,36;58,1;1,2;215;109,7;11,0
;;;00:01:01;1,39;58,1;1,2;260;115,8;11,0
;;;00:01:02;1,41;58,1;1,2;229;115,8;11,0
;;;00:01:02;1,43;58,1;1,2;284;115,8;12,0
;;;00:01:02;1,46;58,1;1,2;243;115,8;12,0
;;;00:01:03;1,48;58,1;1,2;215;116,8;11,5
;;;00:01:03;1,50;58,1;1,2;327;118,0;11,0
;;;00:01:04;1,52;58,1;1,2;194;118,0;11,0
;;;00:01:04;1,54;58,1;1,2;211;120,2;11,6
;;;00:01:04;1,57;58,1;1,2;195;121,2;12,0
;;;00:01:05;1,59;58,1;1,2;268;121,6;12,0
;;;00:01:05;1,61;58,1;1,2;268;122,3;12,0
;;;00:01:06;1,64;58,1;1,2;193;122,3;12,0
;;;00:01:06;1,66;58,1;1,2;243;125,9;11,2
;;;00:01:06;1,68;58,1;1,2;236;126,6;11,0
;;;00:01:07;1,71;58,1;1,2;308;126,6;11,0
;;;00:01:07;1,73;58,1;1,2;276;126,6;10,9
;;;00:01:08;1,75;58,1;1,2;264;126,6;10,9
;;;00:01:08;1,78;58,1;1,2;284;129,9;11,0
;;;00:01:08;1,80;58,1;1,2;251;129,9;11,0
;;;00:01:09;1,83;58,1;1,2;243;131,7;11,0
;;;00:01:09;1,85;58,1;1,2;251;134,2;11,0
;;;00:01:10;1,88;58,1;1,2;236;134,5;11,0
;;;00:01:10;1,90;58,1;1,2;282;136,4;11,0
;;;00:01:11;1,93;58,1;1,2;249;136,4;11,0
;;;00:01:11;1,96;58,1;1,2;310;141,0;11,0
;;;00:01:11;1,98;58,1;1,2;354;142,8;10,9
;;;00:01:12;2,01;58,1;1,2;268;145,0;11,0
;;;00:01:12;2,03;58,1;1,2;236;149,3;11,0
;;;00:01:12;2,05;58,1;1,2;341;149,3;11,0
;;;00:01:13;2,07;58,1;1,2;321;217,4;14,6
;;;00:01:13;2,10;58,1;1,2;302;262,7;17,0
;;;00:01:13;2,12;58,1;1,2;311;262,7;17,0
;;;00:01:14;2,15;58,1;1,2;426;263,5;17,5
;;;00:01:14;2,17;58,1;1,2;350;266,0;19,0
;;;00:01:14;2,20;58,1;1,2;428;266,0;19,0
;;;00:01:15;2,22;58,1;1,2;380;266,0;19,0
;;;00:01:15;2,25;58,1;1,2;341;273,5;18,9
;;;00:01:15;2,28;58,1;1,2;438;273,5;18,9
;;;00:01:16;2,30;58,1;1,2;341;273,5;18,9
;;;00:01:16;2,32;58,1;1,2;422;278,6;18,3
;;;00:01:16;2,35;58,1;1,2;380;281,1;18,0
;;;00:01:16;2,38;58,1;1,2;447;281,1;18,0
;;;00:01:17;2,40;58,1;1,2;321;282,2;18,0
;;;00:01:17;2,43;58,1;1,2;438;286,5;18,0
;;;00:01:17;2,46;58,1;1,2;360;286,5;18,0
;;;00:01:18;2,49;58,1;1,2;457;286,5;18,0
;;;00:01:18;2,51;58,1;1,2;379;285,6;18,7
;;;00:01:18;2,54;58,1;1,2;437;285,4;18,9
;;;00:01:18;2,57;58,1;1,2;377;285,4;18,9
;;;00:01:19;2,60;58,1;1,2;441;288,6;18,4
;;;00:01:19;2,62;58,1;1,2;373;291,9;18,0
;;;00:01:19;2,66;58,1;1,2;418;291,9;18,0
;;;00:01:20;2,69;58,1;1,2;478;294,3;18,0
;;;00:01:20;2,71;58,1;1,2;197;301,6;17,9
;;;00:01:20;2,74;58,1;1,2;551;301,6;17,9
;;;00:01:21;2,77;58,1;1,2;338;302,7;17,8
;;;00:01:21;2,80;58,1;1,2;337;308,1;17,0
;;;00:01:21;2,83;58,1;1,2;350;308,1;17,0
;;;00:01:22;2,85;58,1;1,2;350;308,5;16,6
;;;00:01:22;2,88;58,1;1,2;401;310,2;15,0
;;;00:01:22;2,90;58,1;1,2;282;310,2;15,0
;;;00:01:23;2,92;58,1;1,2;321;310,2;15,0
;;;00:01:23;2,94;58,1;1,2;272;218,7;11,8
;;;00:01:23;2,97;58,1;1,2;272;195,8;11,0
;;;00:01:24;2,99;58,1;1,2;341;195,8;11,0
;;;00:01:24;3,01;58,1;1,2;272;196,6;11,0
;;;00:01:24;3,03;58,1;1,2;311;197,9;11,0
;;;00:01:24;3,05;58,1;1,2;272;197,9;11,0
;;;00:01:25;3,07;58,1;1,2;272;198,8;11,0
;;;00:01:25;3,09;58,1;1,2;341;200,1;11,0
;;;00:01:25;3,12;58,1;1,2;250;200,1;11,0
;;;00:01:26;3,14;58,1;1,2;259;200,6;11,0
;;;00:01:26;3,17;58,1;1,2;308;201,2;11,0
;;;00:01:27;3,19;58,1;1,2;337;201,2;11,0
;;;00:01:27;3,21;58,1;1,2;311;201,8;11,0
;;;00:01:27;3,24;58,1;1,2;241;202,2;11,0
;;;00:01:28;3,27;58,1;1,2;251;200,4;11,0
;;;00:01:28;3,30;58,1;1,2;271;196,8;11,0
;;;00:01:29;3,32;58,1;1,2;272;196,8;11,0
;;;00:01:29;3,34;58,1;1,2;230;196,8;11,0
;;;00:01:29;3,36;58,1;1,2;262;196,8;11,0
;;;00:01:30;3,39;58,1;1,2;243;196,8;11,0
;;;00:01:30;3,41;58,1;1,2;272;191,4;11,0
;;;00:01:30;3,43;58,1;1,2;257;191,4;11,0
;;;00:01:31;3,45;58,1;1,2;341;191,4;11,0
;;;00:01:31;3,48;58,1;1,2;243;186,0;11,0
;;;00:01:31;3,50;58,1;1,2;292;186,0;11,0
;;;00:01:32;3,52;58,1;1,2;341;186,0;11,0
;;;00:01:32;3,54;58,1;1,2;272;178,5;11,0
;;;00:01:32;3,57;58,1;1,2;316;178,5;11,0
;;;00:01:33;3,60;58,1;1,2;294;175,7;11,0
;;;00:01:33;3,62;58,1;1,2;285;172,0;11,0
;;;00:01:33;3,64;58,1;1,2;272;172,0;11,0
;;;00:01:34;3,66;58,1;1,2;258;169,3;11,0
;;;00:01:34;3,68;58,1;1,2;272;166,6;11,0
;;;00:01:34;3,71;58,1;1,2;341;166,6;11,0
;;;00:01:35;3,73;58,1;1,2;272;165,3;11,0
;;;00:01:35;3,75;58,1;1,2;250;160,1;11,0
;;;00:01:36;3,78;58,1;1,2;284;160,1;11,0
;;;00:01:36;3,80;58,1;1,2;251;155,6;10,9
;;;00:01:36;3,82;58,1;1,2;272;154,7;10,9
;;;00:01:37;3,84;58,1;1,2;311;154,7;10,9
;;;00:01:37;3,86;58,1;1,2;272;150,4;11,0
;;;00:01:37;3,89;58,1;1,2;272;149,3;11,0
;;;00:01:38;3,91;58,1;1,2;272;149,3;11,0
;;;00:01:38;3,93;58,1;1,2;339;143,9;11,5
;;;00:01:38;3,95;58,1;1,2;263;138,5;12,0
;;;00:01:39;3,98;58,1;1,2;316;138,5;12,0
;;;00:01:39;4,00;58,1;1,2;272;136,4;12,0
;;;00:01:39;4,02;58,1;1,2;284;136,4;12,0
;;;00:01:40;4,05;58,1;1,2;324;136,4;12,0
;;;00:01:40;4,08;58,1;1,2;195;129,9;12,0
;;;00:01:41;4,10;58,1;1,2;307;129,9;12,0
;;;00:01:41;4,12;58,1;1,2;272;129,4;11,6
;;;00:01:41;4,14;58,1;1,2;276;128,8;11,0
;;;00:01:42;4,17;58,1;1,2;276;128,8;11,0
;;;00:01:42;4,19;58,1;1,2;243;131,6;11,0
;;;00:01:42;4,22;58,1;1,2;276;132,0;11,0
;;;00:01:43;4,24;58,1;1,2;264;129,3;11,0
;;;00:01:43;4,26;58,1;1,2;341;125,6;11,0
;;;00:01:43;4,28;58,1;1,2;272;125,6;11,0
;;;00:01:44;4,30;58,1;1,2;310;124,5;11,1
;;;00:01:44;4,33;58,1;1,2;272;120,2;11,9
;;;00:01:44;4,35;58,1;1,2;272;120,2;11,9
;;;00:01:45;4,37;58,1;1,2;438;120,2;11,9
;;;00:01:45;4,39;58,1;1,2;264;116,9;12,0
;;;00:01:45;4,41;58,1;1,2;389;116,9;12,0
;;;00:01:46;4,44;58,1;1,2;248;116,9;12,0
;;;00:01:46;4,46;58,1;1,2;275;113,7;12,0
;;;00:01:46;4,48;58,1;1,2;284;113,7;12,0
;;;00:01:47;4,50;58,1;1,2;201;113,7;12,0
;;;00:01:47;4,52;58,1;1,2;341;110,4;12,0
;;;00:01:47;4,54;58,1;1,2;272;109,4;12,0
;;;00:01:48;4,56;58,1;1,2;272;109,4;12,0
;;;00:01:48;4,58;58,1;1,2;311;106,1;12,0
;;;00:01:48;4,61;58,1;1,2;284;104,0;12,0
;;;00:01:49;4,64;58,1;1,2;271;104,0;12,0
;;;00:01:49;4,66;58,1;1,2;341;99,6;12,0
;;;00:01:49;4,68;58,1;1,2;250;99,6;12,0
;;;00:01:50;4,71;58,1;1,2;276;98,9;12,0
;;;00:01:50;4,73;58,1;1,2;311;95,3;12,0
;;;00:01:50;4,75;58,1;1,2;272;95,3;12,0
;;;00:01:51;4,77;58,1;1,2;272;94,2;12,0
;;;00:01:51;4,79;58,1;1,2;341;89,9;12,0
;;;00:01:51;4,81;58,1;1,2;272;89,9;12,0
;;;00:01:52;4,84;58,1;1,2;350;89,9;12,0
;;;00:01:52;4,86;58,1;1,2;422;87,8;12,0
;;;00:01:52;4,89;58,1;1,2;273;86,7;12,0
;;;00:01:53;4,92;58,1;1,2;257;86,7;12,0
;;;00:01:53;4,94;58,1;1,2;305;86,7;11,9
;;;00:01:53;4,96;58,1;1,2;373;86,7;11,9
;;;00:01:54;4,99;58,1;1,2;219;86,7;11,9
;;;00:01:54;5,01;58,1;1,2;331;86,0;11,9
;;;00:01:54;5,03;58,1;1,2;321;85,6;11,9
;;;00:01:55;5,06;58,1;1,2;330;85,6;11,9
;;;00:01:55;5,08;58,1;1,2;377;84,8;11,9
;;;00:01:55;5,10;58,1;1,2;311;82,4;12,0
;;;00:01:55;5,12;58,1;1,2;341;82,4;12,0
;;;00:01:56;5,15;58,1;1,2;321;82,4;12,0
;;;00:01:56;5,17;58,1;1,2;292;79,1;12,0
;;;00:01:56;5,19;58,1;1,2;311;79,1;12,0
;;;00:01:57;5,22;58,1;1,2;353;79,1;12,0
;;;00:01:57;5,24;58,1;1,2;292;80,8;12,0
;;;00:01:57;5,26;58,1;1,2;331;81,3;12,0
;;;00:01:58;5,28;58,1;1,2;282;81,3;12,0
;;;00:01:58;5,31;58,1;1,2;401;82,9;12,0
;;;00:01:58;5,33;58,1;1,2;300;84,5;12,0
;;;00:01:59;5,35;58,1;1,2;329;84,5;12,0
;;;00:01:59;5,38;58,1;1,2;357;84,1;12,0
;;;00:01:59;5,40;58,1;1,2;714;83,4;12,0
;;;00:01:59;5,43;58,1;1,2;227;83,4;12,0
;;;00:02:00;5,45;58,1;1,2;328;83,4;12,0
;;;00:02:00;5,47;58,1;1,2;365;81,0;12,0
;;;00:02:00;5,50;58,1;1,2;282;80,2;12,0
;;;00:02:01;5,52;58,1;1,2;370;80,2;12,0
;;;00:02:01;5,55;58,1;1,2;292;79,3;12,0
;;;00:02:01;5,57;58,1;1,2;370;78,0;12,0
;;;00:02:01;5,60;58,1;1,2;389;78,0;12,0
;;;00:02:02;5,62;58,1;1,2;399;78,3;12,0
;;;00:02:02;5,65;58,1;1,2;331;79,1;12,0
;;;00:02:02;5,67;58,1;1,2;311;79,1;12,0
;;;00:02:03;5,70;58,1;1,2;365;79,1;12,0
;;;00:02:03;5,72;58,1;1,2;302;78,3;12,0
;;;00:02:03;5,74;58,1;1,2;422;78,0;12,0
;;;00:02:04;5,77;58,1;1,2;370;78,0;12,0
;;;00:02:04;5,79;58,1;1,2;487;78,0;12,0
;;;00:02:04;5,82;58,1;1,2;360;128,2;17,6
;;;00:02:04;5,84;58,1;1,2;454;140,7;18,9
;;;00:02:05;5,86;58,1;1,2;370;140,7;18,9
;;;00:02:05;5,89;58,1;1,2;448;141,5;19,4
;;;00:02:05;5,91;58,1;1,2;373;142,8;20,0
;;;00:02:05;5,94;58,1;1,2;448;142,8;20,0
;;;00:02:06;5,97;58,1;1,2;418;142,8;20,0
;;;00:02:06;6,00;58,1;1,2;576;148,5;20,0
;;;00:02:06;6,02;58,1;1,2;260;150,4;20,0
;;;00:02:06;6,04;58,1;1,2;1168;150,4;20,0
;;;00:02:07;6,07;58,1;1,2;405;150,4;20,0
;;;00:02:07;6,09;58,1;1,2;399;150,0;19,9
;;;00:02:07;6,12;58,1;1,2;389;149,3;19,9
;;;00:02:07;6,14;58,1;1,2;481;149,3;19,9
;;;00:02:08;6,17;58,1;1,2;397;149,3;19,9
;;;00:02:08;6,20;58,1;1,2;409;143,3;19,9
;;;00:02:08;6,22;58,1;1,2;487;141,8;19,9
;;;00:02:09;6,25;58,1;1,2;370;141,8;19,9
;;;00:02:09;6,27;58,1;1,2;454;141,8;19,9
;;;00:02:09;6,30;58,1;1,2;380;139,2;20,8
;;;00:02:09;6,32;58,1;1,2;454;138,5;21,0
;;;00:02:09;6,34;58,1;1,2;365;138,5;21,0
;;;00:02:10;6,37;58,1;1,2;401;138,5;21,0
;;;00:02:10;6,39;58,1;1,2;353;142,6;20,2
;;;00:02:10;6,41;58,1;1,2;487;143,9;20,0
;;;00:02:10;6,43;58,1;1,2;487;143,9;20,0
;;;00:02:11;6,45;58,1;1,2;405;143,9;20,0
;;;00:02:11;6,48;58,1;1,2;496;141,3;20,0
;;;00:02:11;6,50;58,1;1,2;373;137,4;20,0
;;;00:02:11;6,52;58,1;1,2;365;137,4;20,0
;;;00:02:12;6,55;58,1;1,2;401;137,4;20,0
;;;00:02:12;6,57;58,1;1,2;454;137,4;20,0
;;;00:02:12;6,61;58,1;1,2;483;131,0;20,0
;;;00:02:12;6,63;58,1;1,2;557;131,0;20,0
;;;00:02:13;6,66;58,1;1,2;551;131,0;20,0
;;;00:02:13;6,70;58,1;1,2;396;129,1;20,0
;;;00:02:13;6,74;58,1;1,2;432;127,7;20,0
;;;00:02:14;6,76;58,1;1,2;366;127,7;20,0
;;;00:02:14;6,79;58,1;1,2;330;126,4;20,0
;;;00:02:14;6,81;58,1;1,2;487;125,6;20,0
;;;00:02:14;6,84;58,1;1,2;305;125,6;20,0
;;;00:02:15;6,86;58,1;1,2;389;125,6;20,0
;;;00:02:15;6,89;58,1;1,2;487;125,6;20,0
;;;00:02:15;6,91;58,1;1,2;389;125,6;20,0
;;;00:02:16;6,94;58,1;1,2;462;125,6;20,0
;;;00:02:16;6,96;58,1;1,2;365;125,6;20,2
;;;00:02:16;6,99;58,1;1,2;398;125,6;21,0
;;;00:02:16;7,01;58,1;1,2;341;125,6;21,0
;;;00:02:17;7,04;58,1;1,2;474;125,6;21,0
;;;00:02:17;7,06;58,1;1,2;341;125,6;20,7
;;;00:02:17;7,08;58,1;1,2;481;125,6;19,9
;;;00:02:17;7,10;58,1;1,2;389;125,6;19,9
;;;00:02:18;7,13;58,1;1,2;448;125,6;19,9
;;;00:02:18;7,15;58,1;1,2;373;125,6;19,9
;;;00:02:18;7,17;58,1;1,2;487;164,4;23,3
;;;00:02:18;7,20;58,1;1,2;370;183,9;25,0
;;;00:02:18;7,22;58,1;1,2;454;183,9;25,0
;;;00:02:19;7,24;58,1;1,2;584;183,9;25,0
;;;00:02:19;7,26;58,1;1,2;487;183,9;25,0
;;;00:02:19;7,29;58,1;1,2;268;180,6;26,0
;;;00:02:19;7,31;58,1;1,2;292;180,6;26,0
;;;00:02:20;7,34;58,1;1,2;331;180,6;26,0
;;;00:02:20;7,36;58,1;1,2;454;180,6;26,0
;;;00:02:20;7,38;58,1;1,2;422;185,0;25,9
;;;00:02:20;7,41;58,1;1,2;357;185,0;25,9
;;;00:02:21;7,43;58,1;1,2;384;185,0;25,9
;;;00:02:21;7,45;58,1;1,2;195;185,0;25,9
;;;00:02:21;7,47;58,1;1,2;487;184,2;26,0
;;;00:02:21;7,50;58,1;1,2;360;183,9;26,0
;;;00:02:21;7,52;58,1;1,2;487;183,9;26,0
;;;00:02:22;7,55;58,1;1,2;350;183,9;26,0
;;;00:02:22;7,57;58,1;1,2;487;186,0;25,9
;;;00:02:22;7,59;58,1;1,2;360;186,0;25,9
;;;00:02:22;7,62;58,1;1,2;487;186,0;25,9
;;;00:02:23;7,64;58,1;1,2;438;186,0;25,9
;;;00:02:23;7,66;58,1;1,2;353;184,4;26,0
;;;00:02:23;7,68;58,1;1,2;487;183,9;26,0
;;;00:02:24;7,71;58,1;1,2;376;183,9;26,0
;;;00:02:24;7,73;58,1;1,2;486;183,9;26,0
;;;00:02:24;7,76;58,1;1,2;379;183,9;26,5
;;;00:02:24;7,78;58,1;1,2;487;183,9;26,9
;;;00:02:24;7,80;58,1;1,2;487;183,9;26,9
;;;00:02:25;7,83;58,1;1,2;389;183,9;26,9
;;;00:02:25;7,85;58,1;1,2;480;183,9;26,3
;;;00:02:25;7,88;58,1;1,2;331;183,9;26,0
;;;00:02:25;7,90;58,1;1,2;487;183,9;26,0
;;;00:02:26;7,94;58,1;1,2;418;183,9;26,0
;;;00:02:26;7,97;58,1;1,2;397;181,2;26,0
;;;00:02:26;8,00;58,1;1,2;457;180,6;26,0
;;;00:02:27;8,03;58,1;1,2;389;180,6;26,0
;;;00:02:27;8,07;58,1;1,2;429;182,8;26,9
;;;00:02:27;8,09;58,1;1,2;368;182,8;26,9
;;;00:02:28;8,11;58,1;1,2;389;182,8;26,9
;;;00:02:28;8,14;58,1;1,2;324;182,2;26,8
;;;00:02:28;8,17;58,1;1,2;408;179,6;26,0
;;;00:02:28;8,20;58,1;1,2;381;179,6;26,0
;;;00:02:29;8,23;58,1;1,2;318;179,6;26,0
;;;00:02:29;8,26;58,1;1,2;383;181,3;26,8
;;;00:02:29;8,29;58,1;1,2;399;181,7;27,0
;;;00:02:30;8,31;58,1;1,2;450;181,7;27,0
;;;00:02:30;8,34;58,1;1,2;365;180,1;26,5
;;;00:02:30;8,36;58,1;1,2;413;178,5;25,9
;;;00:02:30;8,38;58,1;1,2;365;178,5;25,9
;;;00:02:31;8,41;58,1;1,2;414;178,5;25,9
;;;00:02:31;8,44;58,1;1,2;380;179,8;25,9
;;;00:02:31;8,46;58,1;1,2;454;180,6;25,9
;;;00:02:32;8,49;58,1;1,2;380;180,6;25,9
;;;00:02:32;8,51;58,1;1,2;454;180,6;25,9
;;;00:02:32;8,54;58,1;1,2;418;178,0;25,9
;;;00:02:32;8,56;58,1;1,2;373;176,3;25,9
;;;00:02:33;8,58;58,1;1,2;370;176,3;25,9
;;;00:02:33;8,61;58,1;1,2;454;176,3;25,9
;;;00:02:33;8,63;58,1;1,2;370;174,6;25,9
;;;00:02:33;8,65;58,1;1,2;487;174,2;25,9
;;;00:02:34;8,68;58,1;1,2;448;174,2;25,9
;;;00:02:34;8,71;58,1;1,2;389;174,6;25,9
;;;00:02:34;8,74;58,1;1,2;380;176,3;25,8
;;;00:02:34;8,76;58,1;1,2;1168;176,3;25,8
;;;00:02:35;8,78;58,1;1,2;329;176,3;25,8
;;;00:02:35;8,81;58,1;1,2;414;173,6;26,4
;;;00:02:35;8,84;58,1;1,2;418;170,9;27,0
;;;00:02:35;8,86;58,1;1,2;373;170,9;27,0
;;;00:02:36;8,89;58,1;1,2;649;170,9;27,0
;;;00:02:36;8,92;58,1;1,2;368;171,7;26,3
;;;00:02:36;8,94;58,1;1,2;795;172,0;26,0
;;;00:02:37;8,96;58,1;1,2;291;172,0;26,0
;;;00:02:37;9,00;58,1;1,2;331;171,1;25,9
;;;00:02:37;9,02;58,1;1,2;487;168,8;25,8
;;;00:02:37;9,05;58,1;1,2;292;168,8;25,8
;;;00:02:38;9,08;58,1;1,2;318;168,8;25,8
;;;00:02:38;9,10;58,1;1,2;345;169,5;26,2
;;;00:02:38;9,12;58,1;1,2;341;170,9;27,0
;;;00:02:39;9,15;58,1;1,2;418;170,9;27,0
;;;00:02:39;9,18;58,1;1,2;357;170,9;27,0
;;;00:02:39;9,21;58,1;1,2;474;170,9;27,0
;;;00:02:39;9,23;58,1;1,2;360;170,9;27,0
;;;00:02:40;9,26;58,1;1,2;399;170,9;27,0
;;;00:02:40;9,28;58,1;1,2;373;171,6;26,3
;;;00:02:41;9,31;58,1;1,2;102;172,0;25,9
;;;00:02:42;9,40;58,1;1,2;517;172,0;26,0
;;;00:02:42;9,44;58,1;1,2;370;172,3;26,1
;;;00:02:42;9,48;58,1;1,2;428;173,1;26,5
;;;00:02:43;9,51;58,1;1,2;268;173,1;26,7
;;;00:02:43;9,53;58,1;1,2;409;173,1;27,0
;;;00:02:43;9,57;58,1;1,2;827;173,1;27,0
;;;00:02:44;9,61;58,1;1,2;411;173,1;27,0
;;;00:02:44;9,65;58,1;1,2;493;174,5;26,3
;;;00:02:44;9,67;58,1;1,2;670;175,2;26,0
;;;00:02:45;9,73;58,1;1,2;636;175,2;26,0
;;;00:02:45;9,76;58,1;1,2;924;175,2;26,0
;;;00:02:45;9,78;58,1;1,2;317;178,9;24,5
;;;00:02:45;9,82;58,1;1,2;535;179,6;24,3
;;;00:02:46;9,84;58,1;1,2;502;179,6;24,3
;;;00:02:46;9,90;58,1;1,2;519;180,6;24,7
;;;00:02:46;9,92;58,1;1,2;519;180,6;24,7
;;;00:02:47;9,94;58,1;1,2;487;180,6;24,7
;;;00:02:47;9,96;58,1;1,2;346;180,6;24,7
;;;00:02:47;10,00;58,1;1,2;430;181,5;25,0
;;;00:02:47;10,02;58,1;1,2;357;183,9;25,9
;;;00:02:48;10,06;58,1;1,2;316;183,9;25,9
;;;00:02:48;10,10;58,1;1,2;454;183,9;25,9
;;;00:02:48;10,13;58,1;1,2;573;184,3;25,7
;;;00:02:48;10,15;58,1;1,2;299;186,0;24,7
;;;00:02:49;10,17;58,1;1,2;422;186,0;24,7
;;;00:02:49;10,20;58,1;1,2;401;186,0;24,7
;;;00:02:49;10,24;58,1;1,2;389;186,6;25,4
;;;00:02:49;10,28;58,1;1,2;665;187,1;26,0
;;;00:02:50;10,30;58,1;1,2;302;187,1;26,0
;;;00:02:50;10,34;58,1;1,2;665;187,1;26,0
;;;00:02:50;10,37;58,1;1,2;336;187,8;26,0
;;;00:02:50;10,39;58,1;1,2;362;188,2;26,0
;;;00:02:51;10,42;58,1;1,2;443;188,2;26,0
;;;00:02:51;10,44;58,1;1,2;422;188,2;26,0
;;;00:02:51;10,50;58,1;1,2;325;189,8;25,9
;;;00:02:51;10,52;58,1;1,2;519;191,4;25,9
;;;00:02:52;10,54;58,1;1,2;503;191,4;25,9
;;;00:02:52;10,57;58,1;1,2;422;191,4;25,9
;;;00:02:52;10,59;58,1;1,2;551;192,2;25,9
;;;00:02:52;10,62;58,1;1,2;450;193,6;26,0
;;;00:02:53;10,64;58,1;1,2;503;193,6;26,0
;;;00:02:53;10,66;58,1;1,2;551;193,6;26,0
;;;00:02:53;10,68;58,1;1,2;438;193,6;26,0
;;;00:02:53;10,71;58,1;1,2;584;194,0;26,0
;;;00:02:53;10,73;58,1;1,2;437;194,7;26,0
;;;00:02:54;10,76;58,1;1,2;503;194,7;26,0
;;;00:02:54;10,78;58,1;1,2;551;194,7;26,0
;;;00:02:54;10,80;58,1;1,2;421;194,7;26,0
;;;00:02:54;10,83;58,1;1,2;551;196,1;25,9
;;;00:02:54;10,86;58,1;1,2;511;196,8;25,9
;;;00:02:55;10,90;58,1;1,2;730;196,8;25,9
;;;00:02:55;10,93;58,1;1,2;487;196,8;25,9
;;;00:02:55;10,95;58,1;1,2;605;196,8;25,9
;;;00:02:55;10,99;58,1;1,2;395;196,8;25,9
;;;00:02:56;11,01;58,1;1,2;551;196,8;25,9
;;;00:02:56;11,03;58,1;1,2;535;196,8;25,9
;;;00:02:56;11,07;58,1;1,2;405;197,3;25,9
;;;00:02:56;11,09;58,1;1,2;449;197,9;25,9
;;;00:02:57;11,11;58,1;1,2;389;197,9;25,9
;;;00:02:57;11,14;58,1;1,2;503;197,9;25,9
;;;00:02:58;11,16;58,1;1,2;131;197,9;25,8
;;;00:02:58;11,19;58,1;1,2;140;197,9;25,7
;;;00:02:58;11,27;58,1;1,2;919;197,9;25,9
;;;00:02:58;11,29;58,1;1,2;1014;197,9;25,9
;;;00:02:59;11,31;58,1;1,2;377;197,9;25,9
;;;00:02:59;11,33;58,1;1,2;243;199,7;25,8
;;;00:02:59;11,36;58,1;1,2;605;208,7;25,0
;;;00:03:00;11,40;58,1;1,2;511;208,7;25,0
;;;00:03:00;11,44;58,1;1,2;399;208,7;25,0
;;;00:03:00;11,46;58,1;1,2;519;208,7;24,9
;;;00:03:01;11,50;58,1;1,2;389;208,7;24,9
;;;00:03:01;11,60;58,1;1,2;513;208,7;24,9
;;;00:03:02;11,64;58,1;1,2;1817;208,7;25,0
;;;00:03:02;11,68;58,1;1,2;514;208,7;25,0
;;;00:03:02;11,71;58,1;1,2;311;210,4;23,7
;;;00:03:03;11,73;58,1;1,2;367;210,9;23,3
;;;00:03:03;11,76;58,1;1,2;280;210,9;23,3
;;;00:03:03;11,80;58,1;1,2;360;210,9;23,7
;;;00:03:04;11,82;58,1;1,2;188;210,9;24,0
;;;00:03:04;11,85;58,1;1,2;779;210,9;24,0
;;;00:03:04;11,89;58,1;1,2;318;205,5;24,9
;;;00:03:05;11,93;58,1;1,2;297;205,5;24,9
;;;00:03:05;11,96;58,1;1,2;314;205,1;24,9
;;;00:03:06;11,99;58,1;1,2;363;204,4;24,9
;;;00:03:06;12,01;58,1;1,2;389;204,4;24,9
;;;00:03:06;12,06;58,1;1,2;267;204,8;24,9
;;;00:03:07;12,09;58,1;1,2;642;205,5;25,0
;;;00:03:07;12,12;58,1;1,2;613;205,5;25,0
;;;00:03:07;12,15;58,1;1,2;389;207,4;25,0
;;;00:03:08;12,18;58,1;1,2;347;208,7;25,0
;;;00:03:08;12,20;58,1;1,2;414;208,7;25,0
;;;00:03:08;12,23;58,1;1,2;369;208,7;25,0
;;;00:03:09;12,26;58,1;1,2;448;208,7;25,0
;;;00:03:09;12,28;58,1;1,2;380;208,7;25,0
;;;00:03:09;12,31;58,1;1,2;341;208,5;25,0
;;;00:03:09;12,34;58,1;1,2;550;207,6;25,0
;;;00:03:10;12,37;58,1;1,2;355;207,6;25,0
;;;00:03:10;12,39;58,1;1,2;487;207,6;25,0
;;;00:03:10;12,43;58,1;1,2;358;207,6;25,0
;;;00:03:11;12,45;58,1;1,2;360;207,6;25,0
;;;00:03:11;12,48;58,1;1,2;308;207,6;25,0
;;;00:03:11;12,51;58,1;1,2;228;207,6;24,9
;;;00:03:12;12,53;58,1;1,2;418;207,6;24,9
;;;00:03:12;12,56;58,1;1,2;311;207,6;24,9
;;;00:03:12;12,59;58,1;1,2;338;206,8;24,9
;;;00:03:13;12,61;58,1;1,2;412;205,5;25,0
;;;00:03:13;12,64;58,1;1,2;349;205,5;25,0
;;;00:03:13;12,66;58,1;1,2;425;205,5;25,0
;;;00:03:13;12,69;58,1;1,2;292;204,4;24,8
;;;00:03:14;12,72;58,1;1,2;380;204,4;24,8
;;;00:03:14;12,74;58,1;1,2;389;204,4;24,8
;;;00:03:14;12,77;58,1;1,2;350;203,1;24,9
;;;00:03:15;12,79;58,1;1,2;428;202,2;25,0
;;;00:03:15;12,82;58,1;1,2;331;202,2;25,0
;;;00:03:15;12,84;58,1;1,2;438;203,3;25,0
;;;00:03:16;12,87;58,1;1,2;341;204,4;25,0
;;;00:03:16;12,90;58,1;1,2;350;204,4;25,0
;;;00:03:16;12,92;58,1;1,2;311;204,4;25,0
;;;00:03:17;12,94;58,1;1,2;331;204,4;25,0
;;;00:03:17;12,98;58,1;1,2;547;204,4;25,0
;;;00:03:17;13,01;58,1;1,2;289;204,6;25,0
;;;00:03:18;13,05;58,1;1,2;328;205,5;25,0
;;;00:03:18;13,08;58,1;1,2;354;205,5;25,0
;;;00:03:18;13,10;58,1;1,2;316;206,3;25,7
;;;00:03:19;13,13;58,1;1,2;298;206,6;25,9
;;;00:03:19;13,16;58,1;1,2;360;206,6;25,9
;;;00:03:19;13,18;58,1;1,2;331;206,1;25,9
;;;00:03:20;13,21;58,1;1,2;365;205,5;25,9
;;;00:03:20;13,23;58,1;1,2;350;205,5;25,9
;;;00:03:20;13,27;58,1;1,2;319;206,0;25,8
;;;00:03:21;13,29;58,1;1,2;324;208,7;25,0
;;;00:03:21;13,32;58,1;1,2;428;208,7;25,0
;;;00:03:21;13,34;58,1;1,2;350;208,1;24,9
;;;00:03:22;13,37;58,1;1,2;370;205,5;24,9
;;;00:03:22;13,39;58,1;1,2;365;205,5;24,9
;;;00:03:22;13,42;58,1;1,2;399;205,5;24,9
;;;00:03:22;13,45;58,1;1,2;311;204,6;25,0
;;;00:03:23;13,47;58,1;1,2;331;204,4;25,0
;;;00:03:23;13,50;58,1;1,2;426;204,4;25,0
;;;00:03:23;13,52;58,1;1,2;350;204,8;25,0
;;;00:03:24;13,55;58,1;1,2;399;205,5;24,9
;;;00:03:24;13,57;58,1;1,2;311;205,5;24,9
;;;00:03:24;13,60;58,1;1,2;377;205,8;25,0
;;;00:03:25;13,62;58,1;1,2;350;206,6;25,0
;;;00:03:25;13,65;58,1;1,2;389;206,6;25,0
;;;00:03:25;13,68;58,1;1,2;341;206,6;25,0
;;;00:03:25;13,70;58,1;1,2;331;206,6;24,7
;;;00:03:26;13,73;58,1;1,2;365;206,6;24,7
;;;00:03:26;13,75;58,1;1,2;399;206,6;24,7
;;;00:03:26;13,78;58,1;1,2;311;205,9;24,9
;;;00:03:27;13,80;58,1;1,2;311;205,5;25,0
;;;00:03:27;13,83;58,1;1,2;527;205,5;25,0
;;;00:03:27;13,86;58,1;1,2;363;205,9;25,0
;;;00:03:28;13,88;58,1;1,2;380;206,6;25,0
;;;00:03:28;13,92;58,1;1,2;389;206,6;25,0
;;;00:03:28;13,95;58,1;1,2;302;205,7;25,0
;;;00:03:29;13,97;58,1;1,2;250;204,4;25,0
;;;00:03:29;14,00;58,1;1,2;409;204,4;25,0
;;;00:03:29;14,02;58,1;1,2;321;204,4;25,2
;;;00:03:30;14,05;58,1;1,2;414;204,4;25,9
;;;00:03:30;14,07;58,1;1,2;331;204,4;25,9
;;;00:03:30;14,10;58,1;1,2;389;204,4;25,9
;;;00:03:30;14,12;58,1;1,2;292;205,5;25,0
;;;00:03:31;14,15;58,1;1,2;370;205,5;25,0
;;;00:03:31;14,17;58,1;1,2;389;205,5;25,0
;;;00:03:31;14,20;58,1;1,2;428;204,8;25,0
;;;00:03:32;14,22;58,1;1,2;350;204,4;25,0
;;;00:03:32;14,25;58,1;1,2;360;204,4;25,0
;;;00:03:32;14,27;58,1;1,2;426;204,4;24,9
;;;00:03:33;14,30;58,1;1,2;321;204,4;24,9
;;;00:03:33;14,32;58,1;1,2;380;204,4;24,9
;;;00:03:33;14,35;58,1;1,2;331;204,4;24,9
;;;00:03:34;14,37;58,1;1,2;321;204,4;25,2
;;;00:03:34;14,40;58,1;1,2;426;204,4;25,2
;;;00:03:34;14,42;58,1;1,2;409;204,4;25,2
;;;00:03:34;14,45;58,1;1,2;357;204,4;25,0
;;;00:03:35;14,47;58,1;1,2;370;204,4;25,0
;;;00:03:35;14,51;58,1;1,2;499;204,4;25,0
;;;00:03:35;14,53;58,1;1,2;261;205,9;24,9
;;;00:03:36;14,56;58,1;1,2;409;206,6;24,9
;;;00:03:36;14,58;58,1;1,2;746;206,6;24,9
;;;00:03:36;14,61;58,1;1,2;311;205,3;25,3
;;;00:03:37;14,63;58,1;1,2;401;203,3;25,9
;;;00:03:37;14,66;58,1;1,2;321;203,3;25,9
;;;00:03:37;14,68;58,1;1,2;360;203,3;25,9
;;;00:03:38;14,71;58,1;1,2;370;205,5;24,9
;;;00:03:38;14,73;58,1;1,2;311;205,5;24,9
;;;00:03:38;14,76;58,1;1,2;401;205,5;24,9
;;;00:03:38;14,78;58,1;1,2;321;205,5;25,0
;;;00:03:39;14,81;58,1;1,2;360;205,5;25,0
;;;00:03:39;14,83;58,1;1,2;341;205,5;25,0
;;;00:03:39;14,86;58,1;1,2;302;204,8;25,0
;;;00:03:40;14,88;58,1;1,2;341;204,4;25,0
;;;00:03:40;14,90;58,1;1,2;302;204,4;25,0
;;;00:03:40;14,92;58,1;1,2;311;204,6;24,9
;;;00:03:40;14,95;58,1;1,2;438;205,5;24,8
;;;00:03:41;14,98;58,1;1,2;261;205,5;24,8
;;;00:03:41;15,00;58,1;1,2;199;205,3;25,0
;;;00:03:42;15,02;58,1;1,2;279;204,4;25,9
;;;00:03:42;15,05;58,1;1,2;311;204,4;25,9
;;;00:03:42;15,07;58,1;1,2;331;204,4;25,9
;;;00:03:42;15,09;58,1;1,2;321;205,3;25,1
;;;00:03:43;15,11;58,1;1,2;272;205,5;24,9
;;;00:03:43;15,14;58,1;1,2;401;205,5;24,9
;;;00:03:43;15,16;58,1;1,2;321;205,0;24,9
;;;00:03:44;15,18;58,1;1,2;292;204,4;25,0
;;;00:03:44;15,21;58,1;1,2;321;204,4;25,0
;;;00:03:44;15,23;58,1;1,2;272;205,7;25,0
;;;00:03:45;15,25;58,1;1,2;438;207,6;25,0
;;;00:03:45;15,28;58,1;1,2;302;207,6;25,0
;;;00:03:45;15,30;58,1;1,2;331;207,6;25,0
;;;00:03:46;15,32;58,1;1,2;321;206,6;24,9
;;;00:03:46;15,34;58,1;1,2;282;206,6;24,9
;;;00:03:46;15,37;58,1;1,2;389;206,6;24,9
;;;00:03:46;15,39;58,1;1,2;330;206,6;24,8
;;;00:03:47;15,41;58,1;1,2;291;206,6;24,8
;;;00:03:47;15,44;58,1;1,2;331;206,6;24,8
;;;00:03:47;15,47;58,1;1,2;319;206,6;24,8
;;;00:03:48;15,50;58,1;1,2;311;206,6;24,9
;;;00:03:48;15,53;58,1;1,2;323;206,6;24,9
;;;00:03:49;15,55;58,1;1,2;280;206,6;25,0
;;;00:03:49;15,58;58,1;1,2;347;206,6;25,0
;;;00:03:49;15,61;58,1;1,2;234;206,8;25,0
;;;00:03:50;15,63;58,1;1,2;234;207,6;25,0
;;;00:03:50;15,66;58,1;1,2;238;207,6;25,0
;;;00:03:50;15,68;58,1;1,2;331;208,5;24,9
;;;00:03:51;15,70;58,1;1,2;365;209,8;24,9
;;;00:03:51;15,73;58,1;1,2;301;209,8;24,9
;;;00:03:51;15,75;58,1;1,2;311;209,8;24,9
;;;00:03:52;15,77;58,1;1,2;302;208,7;25,0
;;;00:03:52;15,79;58,1;1,2;341;208,7;25,0
;;;00:03:52;15,81;58,1;1,2;282;208,7;25,0
;;;00:03:52;15,84;58,1;1,2;321;208,1;24,9
;;;00:03:53;15,86;58,1;1,2;272;207,6;24,9
;;;00:03:53;15,88;58,1;1,2;321;207,6;24,9
;;;00:03:53;15,90;58,1;1,2;341;207,6;24,9
;;;00:03:54;15,93;58,1;1,2;331;207,6;25,0
;;;00:03:54;15,95;58,1;1,2;282;207,6;25,0
;;;00:03:54;15,97;58,1;1,2;272;208,1;24,9
;;;00:03:55;15,99;58,1;1,2;365;209,8;24,9
;;;00:03:55;16,01;58,1;1,2;311;209,8;24,9
;;;00:03:55;16,03;58,1;1,2;311;209,8;24,9
;;;00:03:56;16,06;58,1;1,2;292;208,9;25,0
;;;00:03:56;16,08;58,1;1,2;311;208,7;25,0
;;;00:03:56;16,10;58,1;1,2;341;208,7;25,0
;;;00:03:56;16,12;58,1;1,2;321;208,7;25,0
;;;00:03:57;16,14;58,1;1,2;314;208,7;25,0
;;;00:03:57;16,17;58,1;1,2;314;208,7;25,0
;;;00:03:57;16,19;58,1;1,2;232;208,7;25,0
;;;00:03:58;16,22;58,1;1,2;238;208,7;25,0
;;;00:03:58;16,24;58,1;1,2;649;208,7;25,0
;;;00:03:58;16,26;58,1;1,2;272;208,7;25,0
;;;00:03:59;16,28;58,1;1,2;221;208,7;24,9
;;;00:03:59;16,30;58,1;1,2;341;208,7;24,9
;;;00:03:59;16,32;58,1;1,2;302;208,7;24,9
;;;00:03:59;16,35;58,1;1,2;311;209,6;24,8
;;;00:04:00;16,37;58,1;1,2;272;209,8;24,8
;;;00:04:00;16,39;58,1;1,2;311;209,8;24,8
;;;00:04:00;16,41;58,1;1,2;268;209,8;24,9
;;;00:04:01;16,43;58,1;1,2;272;209,8;24,9
;;;00:04:01;16,45;58,1;1,2;311;209,8;24,9
;;;00:04:01;16,47;58,1;1,2;272;210,2;24,7
;;;00:04:02;16,50;58,1;1,2;321;212,0;23,9
;;;00:04:02;16,52;58,1;1,2;341;212,0;23,9
;;;00:04:02;16,54;58,1;1,2;272;212,0;23,9
;;;00:04:03;16,56;58,1;1,2;321;210,9;25,0
;;;00:04:03;16,58;58,1;1,2;282;210,9;25,0
;;;00:04:03;16,60;58,1;1,2;272;210,9;25,0
;;;00:04:03;16,63;58,1;1,2;341;213,3;25,0
;;;00:04:04;16,65;58,1;1,2;367;214,1;25,0
;;;00:04:04;16,68;58,1;1,2;488;214,1;25,0
;;;00:04:04;16,70;58,1;1,2;298;213,7;25,0
;;;00:04:05;16,73;58,1;1,2;258;213,0;24,9
;;;00:04:05;16,75;58,1;1,2;227;213,0;24,9
;;;00:04:05;16,77;58,1;1,2;285;211,7;25,0
;;;00:04:06;16,79;58,1;1,2;272;210,9;25,0
;;;00:04:06;16,82;58,1;1,2;414;210,9;25,0
;;;00:04:06;16,84;58,1;1,2;292;211,3;25,0
;;;00:04:07;16,86;58,1;1,2;272;213,0;24,9
;;;00:04:07;16,88;58,1;1,2;309;213,0;24,9
;;;00:04:07;16,90;58,1;1,2;272;213,0;24,9
;;;00:04:08;16,92;58,1;1,2;292;213,0;23,9
;;;00:04:08;16,94;58,1;1,2;353;213,0;23,9
;;;00:04:08;16,97;58,1;1,2;363;213,0;23,9
;;;00:04:09;16,99;58,1;1,2;331;213,9;24,7
;;;00:04:09;17,02;58,1;1,2;302;214,1;25,0
;;;00:04:09;17,05;58,1;1,2;242;214,3;24,8
;;;00:04:10;17,07;58,1;1,2;295;215,2;23,9
;;;00:04:10;17,09;58,1;1,2;272;215,2;23,9
;;;00:04:10;17,11;58,1;1,2;365;215,2;23,9
;;;00:04:11;17,14;58,1;1,2;311;214,3;24,6
;;;00:04:11;17,16;58,1;1,2;331;214,1;24,8
;;;00:04:11;17,18;58,1;1,2;272;214,1;24,8
;;;00:04:12;17,20;58,1;1,2;272;215,0;24,1
;;;00:04:12;17,22;58,1;1,2;341;215,2;24,0
;;;00:04:12;17,24;58,1;1,2;292;215,2;24,0
;;;00:04:12;17,27;58,1;1,2;321;214,8;23,9
;;;00:04:13;17,29;58,1;1,2;272;214,1;23,9
;;;00:04:13;17,31;58,1;1,2;272;214,1;23,9
;;;00:04:13;17,33;58,1;1,2;341;214,1;23,9
;;;00:04:14;17,35;58,1;1,2;311;214,1;24,0
;;;00:04:14;17,37;58,1;1,2;311;214,1;24,0
;;;00:04:14;17,39;58,1;1,2;282;214,1;24,0
;;;00:04:14;17,41;58,1;1,2;389;215,2;23,9
;;;00:04:15;17,43;58,1;1,2;270;215,2;23,9
;;;00:04:15;17,46;58,1;1,2;350;215,2;23,9
;;;00:04:16;17,48;58,1;1,2;298;216,5;23,4
;;;00:04:16;17,51;58,1;1,2;270;217,4;23,0
;;;00:04:16;17,54;58,1;1,2;306;217,4;23,0
;;;00:04:17;17,57;58,1;1,2;262;218,4;23,9
;;;00:04:17;17,59;58,1;1,2;295;218,4;23,9
;;;00:04:17;17,61;58,1;1,2;272;218,2;23,9
;;;00:04:18;17,63;58,1;1,2;341;217,4;24,0
;;;00:04:18;17,65;58,1;1,2;311;217,4;24,0
;;;00:04:18;17,67;58,1;1,2;272;217,4;24,0
;;;00:04:19;17,69;58,1;1,2;272;218,2;24,0
;;;00:04:19;17,72;58,1;1,2;341;218,4;24,0
;;;00:04:19;17,74;58,1;1,2;272;218,4;24,0
;;;00:04:19;17,76;58,1;1,2;311;219,1;24,0
;;;00:04:20;17,78;58,1;1,2;272;219,5;24,0
;;;00:04:20;17,80;58,1;1,2;282;219,5;24,0
;;;00:04:20;17,82;58,1;1,2;341;219,5;24,0
;;;00:04:21;17,84;58,1;1,2;292;219,5;24,0
;;;00:04:21;17,86;58,1;1,2;311;219,5;24,0
;;;00:04:21;17,88;58,1;1,2;272;219,5;24,0
;;;00:04:22;17,91;58,1;1,2;341;221,7;22,9
;;;00:04:22;17,93;58,1;1,2;292;221,7;22,9
;;;00:04:22;17,95;58,1;1,2;205;221,7;22,9
;;;00:04:23;17,97;58,1;1,2;311;220,0;23,8
;;;00:04:23;18,00;58,1;1,2;298;219,5;24,0
;;;00:04:23;18,02;58,1;1,2;270;219,5;24,0
;;;00:04:23;18,04;58,1;1,2;341;220,6;23,5
;;;00:04:24;18,06;58,1;1,2;271;221,7;23,0
;;;00:04:24;18,08;58,1;1,2;310;221,7;23,0
;;;00:04:24;18,10;58,1;1,2;272;221,7;23,0
;;;00:04:25;18,12;58,1;1,2;341;221,7;22,9
;;;00:04:25;18,15;58,1;1,2;271;221,7;22,9
;;;00:04:25;18,17;58,1;1,2;272;223,0;22,9
;;;00:04:26;18,19;58,1;1,2;282;224,9;23,0
;;;00:04:26;18,21;58,1;1,2;304;224,9;23,0
;;;00:04:26;18,23;58,1;1,2;311;224,9;23,0
;;;00:04:27;18,25;58,1;1,2;272;227,1;22,9
;;;00:04:27;18,27;58,1;1,2;272;227,1;22,9
;;;00:04:27;18,29;58,1;1,2;341;227,1;22,9
;;;00:04:28;18,31;58,1;1,2;272;226,4;23,5
;;;00:04:28;18,33;58,1;1,2;454;226,0;24,0
;;;00:04:28;18,36;58,1;1,2;264;226,0;24,0
;;;00:04:29;18,38;58,1;1,2;311;225,4;23,4
;;;00:04:29;18,41;58,1;1,2;238;224,9;23,0
;;;00:04:29;18,43;58,1;1,2;254;224,9;23,0
;;;00:04:30;18,46;58,1;1,2;247;226,6;23,0
;;;00:04:30;18,48;58,1;1,2;311;227,1;23,0
;;;00:04:30;18,50;58,1;1,2;272;227,1;23,0
;;;00:04:31;18,52;58,1;1,2;272;226,4;22,9
;;;00:04:31;18,54;58,1;1,2;341;226,0;22,9
;;;00:04:31;18,56;58,1;1,2;272;226,0;22,9
;;;00:04:31;18,58;58,1;1,2;311;227,3;22,9
;;;00:04:32;18,60;58,1;1,2;272;229,2;23,0
;;;00:04:32;18,63;58,1;1,2;272;229,2;23,0
;;;00:04:32;18,65;58,1;1,2;272;229,0;22,9
;;;00:04:33;18,67;58,1;1,2;268;228,2;22,9
;;;00:04:33;18,69;58,1;1,2;272;228,2;22,9
;;;00:04:33;18,72;58,1;1,2;274;226,7;22,9
;;;00:04:34;18,74;58,1;1,2;311;223,8;22,9
;;;00:04:34;18,77;58,1;1,2;284;223,8;22,9
;;;00:04:35;18,79;58,1;1,2;271;225,4;23,0
;;;00:04:35;18,82;58,1;1,2;438;226,0;23,0
;;;00:04:35;18,85;58,1;1,2;310;225,6;23,0
;;;00:04:36;18,87;58,1;1,2;331;222,8;23,0
;;;00:04:36;18,90;58,1;1,2;192;222,8;23,0
;;;00:04:36;18,92;58,1;1,2;341;224,4;23,0
;;;00:04:37;18,94;58,1;1,2;272;226,0;23,0
;;;00:04:37;18,96;58,1;1,2;264;226,0;23,0
;;;00:04:38;18,98;58,1;1,2;272;225,4;22,9
;;;00:04:38;19,01;58,1;1,2;284;224,9;22,9
;;;00:04:38;19,03;58,1;1,2;272;224,9;22,9
;;;00:04:39;19,05;58,1;1,2;292;224,2;23,0
;;;00:04:39;19,08;58,1;1,2;284;223,8;23,0
;;;00:04:39;19,10;58,1;1,2;264;224,1;23,0
;;;00:04:40;19,12;58,1;1,2;272;226,0;22,8
;;;00:04:40;19,15;58,1;1,2;292;226,0;22,8
;;;00:04:41;19,18;58,1;1,2;314;225,5;22,9
;;;00:04:41;19,20;58,1;1,2;227;224,9;22,9
;;;00:04:41;19,23;58,1;1,2;280;224,9;22,9
;;;00:04:42;19,25;58,1;1,2;303;224,0;23,0
;;;00:04:42;19,28;58,1;1,2;197;223,8;23,0
;;;00:04:43;19,30;58,1;1,2;250;224,8;23,0
;;;00:04:43;19,33;58,1;1,2;267;226,0;23,0
;;;00:04:43;19,35;58,1;1,2;292;226,0;23,0
;;;00:04:44;19,37;58,1;1,2;242;226,0;23,0
;;;00:04:44;19,40;58,1;1,2;257;226,0;23,0
;;;00:04:44;19,42;58,1;1,2;282;226,4;23,0
;;;00:04:45;19,44;58,1;1,2;263;228,2;22,9
;;;00:04:45;19,47;58,1;1,2;266;228,2;22,9
;;;00:04:46;19,49;58,1;1,2;236;228,2;22,9
;;;00:04:46;19,51;58,1;1,2;341;228,2;22,9
;;;00:04:46;19,54;58,1;1,2;243;228,2;22,9
;;;00:04:47;19,56;58,1;1,2;282;227,3;23,0
;;;00:04:47;19,58;58,1;1,2;263;227,1;23,0
;;;00:04:47;19,60;58,1;1,2;260;227,1;23,0
;;;00:04:48;19,64;58,1;1,2;271;229,2;22,9
;;;00:04:48;19,66;58,1;1,2;297;229,2;22,9
;;;00:04:49;19,68;58,1;1,2;281;228,5;22,9
;;;00:04:49;19,71;58,1;1,2;225;228,2;23,0
;;;00:04:49;19,73;58,1;1,2;195;228,2;23,0
;;;00:04:50;19,76;58,1;1,2;284;230,3;23,0
;;;00:04:50;19,78;58,1;1,2;251;230,3;23,0
;;;00:04:51;19,81;58,1;1,2;243;230,3;23,0
;;;00:04:51;19,83;58,1;1,2;284;230,3;23,0
;;;00:04:51;19,85;58,1;1,2;272;230,3;23,0
;;;00:04:52;19,87;58,1;1,2;250;228,5;22,9
;;;00:04:52;19,90;58,1;1,2;236;228,2;22,9
;;;00:04:52;19,92;58,1;1,2;341;228,2;22,9
;;;00:04:53;19,94;58,1;1,2;255;231,4;23,0
;;;00:04:53;19,97;58,1;1,2;243;231,4;23,0
;;;00:04:54;19,99;58,1;1,2;243;232,0;23,0
;;;00:04:54;20,02;58,1;1,2;259;232,5;23,0
;;;00:04:54;20,04;58,1;1,2;272;232,5;23,0
;;;00:04:55;20,07;58,1;1,2;311;230,3;22,9
;;;00:04:55;20,10;58,1;1,2;270;230,3;22,9
;;;00:04:56;20,12;58,1;1,2;297;231,9;22,9
;;;00:04:56;20,15;58,1;1,2;260;232,5;22,9
;;;00:04:56;20,17;58,1;1,2;251;232,8;22,9
;;;00:04:57;20,20;58,1;1,2;243;234,6;23,0
;;;00:04:57;20,22;58,1;1,2;284;234,6;23,0
;;;00:04:58;20,24;58,1;1,2;227;237,3;22,1
;;;00:04:58;20,27;58,1;1,2;243;237,9;22,0
;;;00:04:59;20,29;58,1;1,2;268;237,5;22,0
;;;00:04:59;20,31;58,1;1,2;292;236,8;21,9
;;;00:04:59;20,34;58,1;1,2;276;236,8;21,9
;;;00:05:00;20,36;58,1;1,2;257;236,8;21,9
;;;00:05:00;20,39;58,1;1,2;268;236,8;21,9
;;;00:05:01;20,41;58,1;1,2;257;237,1;21,9
;;;00:05:01;20,43;58,1;1,2;308;237,9;21,9
;;;00:05:01;20,46;58,1;1,2;253;237,9;21,9
;;;00:05:02;20,48;58,1;1,2;254;238,4;22,0
;;;00:05:02;20,50;58,1;1,2;305;239,0;22,0
;;;00:05:02;20,53;58,1;1,2;262;239,0;22,0
;;;00:05:03;20,55;58,1;1,2;250;237,4;21,9
;;;00:05:03;20,58;58,1;1,2;260;236,8;21,8
;;;00:05:03;20,60;58,1;1,2;292;237,0;22,1
;;;00:05:04;20,62;58,1;1,2;251;237,9;22,9
;;;00:05:04;20,65;58,1;1,2;257;237,9;22,9
;;;00:05:05;20,67;58,1;1,2;242;238,6;22,3
;;;00:05:05;20,69;58,1;1,2;209;239,0;22,0
;;;00:05:05;20,72;58,1;1,2;272;239,0;22,0
;;;00:05:06;20,74;58,1;1,2;284;237,9;22,0
;;;00:05:06;20,76;58,1;1,2;251;237,9;22,0
;;;00:05:07;20,79;58,1;1,2;257;237,9;22,0
;;;00:05:07;20,81;58,1;1,2;243;237,9;22,0
;;;00:05:08;20,84;58,1;1,2;292;238,0;22,0
;;;00:05:08;20,86;58,1;1,2;322;239,0;21,9
;;;00:05:08;20,89;58,1;1,2;219;239,0;21,9
;;;00:05:09;20,91;58,1;1,2;195;228,5;19,6
;;;00:05:09;20,93;58,1;1,2;268;220,6;17,9
;;;00:05:10;20,96;58,1;1,2;264;225,5;18,2
;;;00:05:10;20,98;58,1;1,2;276;237,9;18,9
;;;00:05:10;21,00;58,1;1,2;260;237,9;18,9
;;;00:05:11;21,03;58,1;1,2;195;236,3;20,4
;;;00:05:11;21,05;58,1;1,2;251;235,7;21,0
;;;00:05:12;21,07;58,1;1,2;276;236,3;20,8
;;;00:05:12;21,10;58,1;1,2;250;239,0;20,0
;;;00:05:12;21,12;58,1;1,2;203;239,0;20,0
;;;00:05:13;21,14;58,1;1,2;215;237,1;20,0
;;;00:05:13;21,16;58,1;1,2;250;236,8;20,0
;;;00:05:14;21,19;58,1;1,2;268;236,8;20,0
;;;00:05:14;21,21;58,1;1,2;399;236,8;19,9
;;;00:05:14;21,23;58,1;1,2;174;236,8;19,9
;;;00:05:15;21,26;58,1;1,2;231;240,6;19,9
;;;00:05:15;21,29;58,1;1,2;249;241,1;19,9
;;;00:05:16;21,31;58,1;1,2;251;241,1;21,0
;;;00:05:16;21,34;58,1;1,2;178;241,1;21,0
;;;00:05:17;21,36;58,1;1,2;254;242,2;20,4
;;;00:05:17;21,38;58,1;1,2;253;243,3;19,9
;;;00:05:17;21,40;58,1;1,2;235;243,3;19,9
;;;00:05:18;21,43;58,1;1,2;243;242,4;19,9
;;;00:05:18;21,45;58,1;1,2;235;242,2;20,0
;;;00:05:19;21,47;58,1;1,2;243;241,7;20,0
;;;00:05:19;21,50;58,1;1,2;284;241,1;20,0
;;;00:05:19;21,52;58,1;1,2;268;241,1;20,0
;;;00:05:20;21,55;58,1;1,2;243;241,1;20,0
;;;00:05:20;21,57;58,1;1,2;211;241,1;20,0
;;;00:05:21;21,59;58,1;1,2;272;242,8;20,0
;;;00:05:21;21,61;58,1;1,2;314;245,4;19,9
;;;00:05:21;21,64;58,1;1,2;196;245,4;19,9
;;;00:05:22;21,66;58,1;1,2;247;242,2;20,9
;;;00:05:22;21,68;58,1;1,2;227;242,2;20,9
;;;00:05:23;21,71;58,1;1,2;267;242,2;20,6
;;;00:05:23;21,73;58,1;1,2;180;242,2;20,0
;;;00:05:23;21,75;58,1;1,2;274;242,2;20,0
;;;00:05:24;21,78;58,1;1,2;243;245,4;20,0
;;;00:05:24;21,80;58,1;1,2;222;245,4;20,0
;;;00:05:25;21,83;58,1;1,2;268;244,4;20,0
;;;00:05:25;21,85;58,1;1,2;243;243,3;19,9
;;;00:05:26;21,87;58,1;1,2;274;243,3;19,9
;;;00:05:26;21,90;58,1;1,2;242;241,1;20,0
;;;00:05:26;21,92;58,1;1,2;215;241,1;20,0
;;;00:05:27;21,94;58,1;1,2;291;243,3;19,9
;;;00:05:27;21,97;58,1;1,2;306;244,4;19,9
;;;00:05:27;21,99;58,1;1,2;189;244,4;19,9
;;;00:05:28;22,01;58,1;1,2;231;243,4;20,0
;;;00:05:28;22,04;58,1;1,2;335;243,3;20,0
;;;00:05:29;22,06;58,1;1,2;198;243,3;20,0
;;;00:05:29;22,09;58,1;1,2;232;243,3;19,9
;;;00:05:30;22,11;58,1;1,2;173;244,0;19,9
;;;00:05:30;22,13;58,1;1,2;215;247,6;20,0
;;;00:05:30;22,16;58,1;1,2;243;247,6;20,0
;;;00:05:31;22,18;58,1;1,2;243;244,5;20,0
;;;00:05:31;22,20;58,1;1,2;260;243,3;20,0
;;;00:05:32;22,23;58,1;1,2;251;242,9;20,0
;;;00:05:32;22,25;58,1;1,2;236;241,1;19,9
;;;00:05:32;22,27;58,1;1,2;284;241,1;19,9
;;;00:05:33;22,29;58,1;1,2;235;245,6;20,0
;;;00:05:33;22,32;58,1;1,2;215;246,5;20,0
;;;00:05:34;22,34;58,1;1,2;260;245,4;20,0
;;;00:05:34;22,36;58,1;1,2;250;243,3;19,9
;;;00:05:34;22,39;58,1;1,2;235;243,3;19,9
;;;00:05:35;22,41;58,1;1,2;282;245,0;19,9
;;;00:05:35;22,43;58,1;1,2;203;245,4;19,9
;;;00:05:36;22,46;58,1;1,2;292;247,2;20,3
;;;00:05:36;22,48;58,1;1,2;227;249,8;20,9
;;;00:05:36;22,50;58,1;1,2;229;249,8;20,9
;;;00:05:37;22,52;58,1;1,2;284;248,0;20,1
;;;00:05:37;22,55;58,1;1,2;243;247,6;20,0
;;;00:05:38;22,57;58,1;1,2;195;247,3;20,0
;;;00:05:38;22,59;58,1;1,2;218;246,5;20,0
;;;00:05:39;22,61;58,1;1,2;215;246,5;20,0
;;;00:05:39;22,64;58,1;1,2;251;249,8;20,0
;;;00:05:39;22,66;58,1;1,2;202;249,8;20,0
;;;00:05:40;22,68;58,1;1,2;195;249,8;19,9
;;;00:05:40;22,70;58,1;1,2;227;249,8;19,8
;;;00:05:41;22,73;58,1;1,2;229;249,8;19,8
;;;00:05:41;22,75;58,1;1,2;414;249,8;20,0
;;;00:05:41;22,78;58,1;1,2;302;249,8;20,0
;;;00:05:42;22,80;58,1;1,2;199;252,8;19,9
;;;00:05:42;22,82;58,1;1,2;192;255,2;19,9
;;;00:05:43;22,84;58,1;1,2;220;254,7;19,9
;;;00:05:43;22,87;58,1;1,2;235;251,9;20,0
;;;00:05:43;22,89;58,1;1,2;251;251,9;20,0
;;;00:05:44;22,91;58,1;1,2;215;250,7;20,5
;;;00:05:44;22,93;58,1;1,2;251;249,8;20,9
;;;00:05:45;22,96;58,1;1,2;215;251,6;20,6
;;;00:05:45;22,98;58,1;1,2;268;256,2;20,0
;;;00:05:45;23,00;58,1;1,2;259;256,2;20,0
;;;00:05:46;23,02;58,1;1,2;236;254,7;20,7
;;;00:05:46;23,05;58,1;1,2;308;254,1;21,0
;;;00:05:47;23,07;58,1;1,2;209;254,4;20,6
;;;00:05:47;23,09;58,1;1,2;328;255,2;19,9
;;;00:05:47;23,12;58,1;1,2;243;255,2;19,9
;;;00:05:48;23,14;58,1;1,2;240;258,0;20,0
;;;00:05:48;23,16;58,1;1,2;229;258,4;20,0
;;;00:05:49;23,19;58,1;1,2;219;260,6;20,0
;;;00:05:49;23,21;58,1;1,2;231;261,6;19,9
;;;00:05:50;23,23;58,1;1,2;182;191,4;16,0
;;;00:05:50;23,25;58,1;1,2;201;121,2;12,0
;;;00:05:51;23,27;58,1;1,2;182;120,6;12,0
;;;00:05:51;23,30;58,1;1,2;182;120,2;12,0
;;;00:05:52;23,32;58,1;1,2;158;120,8;12,0
;;;00:05:52;23,34;58,1;1,2;170;121,2;12,0
;;;00:05:53;23,36;58,1;1,2;164;120,4;12,0
;;;00:05:53;23,38;58,1;1,2;158;120,2;12,0
;;;00:05:54;23,40;58,1;1,2;175;121,8;12,0
;;;00:05:54;23,42;58,1;1,2;200;122,3;12,0
;;;00:05:55;23,45;58,1;1,2;154;122,3;12,0
;;;00:05:55;23,47;58,1;1,2;211;122,3;12,0
;;;00:05:56;23,49;58,1;1,2;162;123,3;11,1
;;;00:05:56;23,51;58,1;1,2;148;123,4;11,0
;;;00:05:57;23,53;58,1;1,2;219;125,3;11,0
;;;00:05:58;23,56;58,1;1,2;195;125,6;11,0
;;;00:05:58;23,58;58,1;1,2;182;124,6;11,0
;;;00:05:59;23,60;58,1;1,2;164;124,5;11,0
;;;00:05:59;23,62;58,1;1,2;182;124,5;11,0
;;;00:06:00;23,64;58,1;1,2;195;124,5;11,0
;;;00:06:00;23,66;58,1;1,2;195;125,6;11,0
;;;00:06:01;23,69;58,1;1,2;213;125,6;11,0
;;;00:06:01;23,71;58,1;1,2;181;127,7;10,9
;;;00:06:02;23,73;58,1;1,2;189;127,7;10,9
;;;00:06:02;23,75;58,1;1,2;207;127,7;12,0
;;;00:06:03;23,77;58,1;1,2;207;127,7;12,0
;;;00:06:03;23,79;58,1;1,2;182;126,6;11,0
;;;00:06:04;23,82;58,1;1,2;235;126,6;11,0
;;;00:06:04;23,85;58,1;1,2;199;126,6;12,0
;;;00:06:05;23,87;58,1;1,2;213;125,8;11,6
;;;00:06:05;23,89;58,1;1,2;201;124,5;11,0
;;;00:06:06;23,91;58,1;1,2;156;124,9;11,0
;;;00:06:06;23,93;58,1;1,2;164;125,6;11,0
;;;00:06:07;23,95;58,1;1,2;170;126,4;11,4
;;;00:06:07;23,97;58,1;1,2;170;127,7;12,0
;;;00:06:08;24,00;58,1;1,2;170;127,2;11,5
;;;00:06:08;24,02;58,1;1,2;170;126,6;11,0
;;;00:06:09;24,04;58,1;1,2;161;126,0;11,6
;;;00:06:09;24,06;58,1;1,2;170;125,6;12,0
;;;00:06:10;24,08;58,1;1,2;164;125,6;11,2
;;;00:06:11;24,11;58,1;1,2;184;125,6;10,9
;;;00:06:11;24,13;58,1;1,2;195;126,6;11,0
;;;00:06:12;24,15;58,1;1,2;167;127,5;11,0
;;;00:06:12;24,18;58,1;1,2;172;129,9;11,0
;;;00:06:13;24,20;58,1;1,2;164;129,1;11,3
;;;00:06:13;24,22;58,1;1,2;170;127,7;12,0
;;;00:06:14;24,24;58,1;1,2;156;127,1;12,0
;;;00:06:14;24,26;58,1;1,2;176;126,6;12,0
;;;00:06:15;24,28;58,1;1,2;176;127,5;11,2
;;;00:06:16;24,30;58,1;1,2;157;127,7;11,0
;;;00:06:16;24,33;58,1;1,2;156;128,7;11,0
;;;00:06:17;24,35;58,1;1,2;168;129,9;11,0
;;;00:06:17;24,37;58,1;1,2;161;132,0;11,0
;;;00:06:18;24,39;58,1;1,2;152;131,4;11,0
;;;00:06:18;24,41;58,1;1,2;176;131,0;11,0
;;;00:06:19;24,43;58,1;1,2;150;131,0;10,9
;;;00:06:20;24,45;58,1;1,2;178;131,0;10,9
;;;00:06:20;24,48;58,1;1,2;217;131,0;12,0
;;;00:06:21;24,51;58,1;1,2;167;131,3;12,0
;;;00:06:21;24,53;58,1;1,2;152;132,0;12,0
;;;00:06:22;24,55;58,1;1,2;164;132,7;11,4
;;;00:06:23;24,57;58,1;1,2;146;133,1;11,0
;;;00:06:23;24,59;58,1;1,2;158;133,1;11,0
;;;00:06:24;24,61;58,1;1,2;146;133,1;11,0
;;;00:06:24;24,64;58,1;1,2;173;133,1;11,0
;;;00:06:25;24,66;58,1;1,2;151;132,6;11,0
;;;00:06:25;24,68;58,1;1,2;151;132,0;11,0
;;;00:06:26;24,70;58,1;1,2;168;132,9;11,0
;;;00:06:27;24,73;58,1;1,2;156;133,2;11,0
;;;00:06:27;24,75;58,1;1,2;156;134,2;11,0
;;;00:06:28;24,77;58,1;1,2;152;135,5;11,0
;;;00:06:29;24,79;58,1;1,2;178;136,4;11,0
;;;00:06:29;24,81;58,1;1,2;134;137,3;11,0
;;;00:06:30;24,83;58,1;1,2;156;137,8;11,0
;;;00:06:30;24,85;58,1;1,2;133;140,7;10,9
;;;00:06:31;24,87;58,1;1,2;146;141,2;11,0
;;;00:06:32;24,89;58,1;1,2;151;141,8;11,0
;;;00:06:32;24,92;58,1;1,2;146;140,9;11,0
;;;00:06:33;24,94;58,1;1,2;131;140,9;11,0
;;;00:06:34;24,96;58,1;1,2;102;141,8;11,0
;;;00:06:34;24,98;58,1;1,2;155;140,9;11,0
;;;00:06:35;25,00;58,1;1,2;146;141,0;11,0
;;;00:06:35;25,02;58,1;1,2;112;143,9;11,0
;;;00:06:36;25,04;58,1;1,2;93;144,6;11,0
;;;00:06:37;25,06;58,1;1,2;151;145,0;11,0
;;;00:06:37;25,08;58,1;1,2;113;145,0;11,0
;;;00:06:38;25,10;58,1;1,2;118;146,9;11,0
;;;00:06:39;25,12;58,1;1,2;151;148,2;11,0
;;;00:06:39;25,14;58,1;1,2;128;148,2;11,0
;;;00:06:40;25,16;58,1;1,2;141;148,9;11,0
;;;00:06:41;25,19;58,1;1,2;114;149,3;11,0
;;;00:06:42;25,21;58,1;1,2;129;149,3;11,0
;;;00:06:42;25,23;58,1;1,2;141;152,2;11,0
;;;00:06:43;25,25;58,1;1,2;111;153,6;11,0
;;;00:06:44;25,27;58,1;1,2;111;155,8;11,0
;;;00:06:44;25,29;58,1;1,2;136;161,2;11,0
;;;00:06:45;25,31;58,1;1,2;146;161,7;11,0
;;;00:06:46;25,33;58,1;1,2;162;162,3;11,0
;;;00:06:46;25,35;58,1;1,2;151;165,7;11,0
;;;00:06:47;25,37;58,1;1,2;194;166,6;11,0
;;;00:06:47;25,39;58,1;1,2;157;168,8;10,9
;;;00:06:48;25,42;58,1;1,2;156;170,5;10,9
;;;00:06:48;25,44;58,1;1,2;162;173,1;11,0
;;;00:06:49;25,46;58,1;1,2;178;173,8;11,0
;;;00:06:49;25,48;58,1;1,2;232;174,2;11,0
;;;00:06:50;25,51;58,1;1,2;195;175,8;11,0
;;;00:06:50;25,53;58,1;1,2;162;177,4;11,0
;;;00:06:51;25,55;58,1;1,2;182;178,1;11,0
;;;00:06:52;25,57;58,1;1,2;184;178,5;11,0
;;;00:06:52;25,60;58,1;1,2;175;182,8;11,0
;;;00:06:53;25,62;58,1;1,2;157;184,0;11,0
;;;00:06:53;25,64;58,1;1,2;156;185,0;11,0
;;;00:06:54;25,66;58,1;1,2;156;188,8;11,0
;;;00:06:55;25,68;58,1;1,2;151;191,4;11,0
;;;00:06:55;25,70;58,1;1,2;152;195,2;11,0
;;;00:06:56;25,73;58,1;1,2;180;196,3;11,0
;;;00:06:56;25,75;58,1;1,2;160;201,2;11,0
;;;00:06:57;25,77;58,1;1,2;138;201,6;11,0
;;;00:06:58;25,79;58,1;1,2;141;202,2;11,0
;;;00:06:58;25,82;58,1;1,2;156;201,5;11,0
;;;00:06:59;25,84;58,1;1,2;173;201,2;11,0
;;;00:06:59;25,86;58,1;1,2;134;203,3;11,0
;;;00:07:00;25,88;58,1;1,2;132;204,1;11,0
;;;00:07:05;25,91;58,1;1,2;16;212,4;11,0
;;;00:07:06;25,93;58,1;1,2;175;215,7;11,0
;;;00:07:06;25,95;58,1;1,2;234;213,0;11,0
;;;00:07:07;25,97;58,1;1,2;236;213,0;11,0
;;;00:07:07;25,99;58,1;1,2;276;214,1;11,0
;;;00:07:08;26,01;58,1;1,2;174;214,1;11,0
;;;00:07:08;26,04;58,1;1,2;219;223,8;11,0
;;;00:07:11;26,05;58,1;1,2;26;228,5;11,0
;;;00:07:11;26,05;58,1;1,3;0;206,6;10,0
;;;00:07:11;26,05;58,1;1,3;0;206,6;10,0
;;;00:07:11;26,05;58,1;1,2;0;206,6;10,0
;;;00:07:11;26,05;58,1;1,3;0;206,9;10,0
;;;00:07:21;26,03;58,0;1,6;9;208,1;10,0
;;;00:07:21;26,01;58,0;2,0;243;206,2;10,0
;;;00:07:22;25,98;57,7;2,0;194;204,4;10,0
;;;00:07:22;25,96;57,5;2,1;201;204,9;10,0
;;;00:07:23;25,94;57,2;2,2;213;206,6;9,9
;;;00:07:23;25,91;56,2;2,3;215;206,0;9,9
;;;00:07:24;25,89;55,6;2,3;156;204,4;10,0
;;;00:07:24;25,86;54,9;2,4;201;205,2;10,0
;;;00:07:25;25,84;54,0;2,5;207;207,6;10,0
;;;00:07:25;25,82;53,1;2,6;212;205,2;10,0
;;;00:07:26;25,79;52,0;2,6;213;201,2;10,0
;;;00:07:26;25,77;51,1;2,7;176;199,5;10,0
;;;00:07:27;25,74;49,6;2,8;200;196,8;10,0
;;;00:07:27;25,72;48,5;2,9;170;196,4;10,0
;;;00:07:28;25,70;47,4;3,0;187;195,8;10,0
;;;00:07:28;25,68;46,3;3,0;187;196,1;10,0
;;;00:07:29;25,66;45,1;3,0;170;197,9;10,0
;;;00:07:29;25,64;44,0;3,0;263;197,9;10,0
;;;00:07:29;25,61;42,4;2,9;162;196,3;10,0
;;;00:07:30;25,59;41,2;2,9;308;195,8;10,0
;;;00:07:30;25,57;39,7;2,7;182;195,1;10,0
;;;00:07:31;25,55;38,2;2,6;219;194,7;10,0
;;;00:07:31;25,52;36,6;2,6;201;192,7;10,0
;;;00:07:32;25,50;35,3;2,6;227;191,4;10,0
;;;00:07:32;25,48;33,7;2,6;225;189,8;10,0
;;;00:07:33;25,45;32,1;2,6;231;187,1;10,0
;;;00:07:33;25,43;30,8;2,6;215;185,3;10,0
;;;00:07:34;25,41;29,3;2,6;189;182,8;10,0
;;;00:07:34;25,38;27,7;2,6;176;181,2;10,0
;;;00:07:35;25,36;26,4;2,6;219;178,5;10,0
;;;00:07:35;25,34;25,2;2,6;235;178,5;10,0
;;;00:07:36;25,32;23,7;2,7;219;177,5;10,0
;;;00:07:36;25,29;21,8;2,7;237;177,4;10,0
;;;00:07:37;25,26;20,5;2,7;219;173,1;10,0
;;;00:07:37;25,24;19,1;2,8;195;173,1;10,0
;;;00:07:38;25,22;18,0;2,9;188;172,0;10,0
;;;00:07:38;25,20;16,9;3,0;203;172,0;10,0
;;;00:07:38;25,17;15,6;2,9;199;170,0;10,0
;;;00:07:39;25,15;14,5;2,9;237;168,8;10,0
;;;00:07:39;25,13;13,5;2,9;201;167,2;10,0
;;;00:07:40;25,11;12,5;2,9;195;166,6;10,0
;;;00:07:40;25,09;11,6;3,0;235;165,9;10,0
;;;00:07:41;25,06;10,7;3,0;231;162,3;10,0
;;;00:07:41;25,04;9,8;3,0;209;162,3;10,0
;;;00:07:42;25,02;8,8;3,1;194;159,0;10,0
;;;00:07:42;24,99;7,8;3,2;195;158,5;10,0
;;;00:07:43;24,96;6,8;3,1;225;154,7;10,0
;;;00:07:43;24,94;6,0;3,1;257;154,2;10,0
;;;00:07:44;24,91;5,3;3,1;245;150,4;10,0
;;;00:07:44;24,89;4,8;3,2;268;150,4;10,0
;;;00:07:44;24,87;4,2;3,3;194;147,7;10,0
;;;00:07:45;24,85;3,6;3,4;219;147,2;10,0
;;;00:07:45;24,82;3,0;3,5;189;144,7;10,0
;;;00:07:46;24,80;2,6;3,6;195;143,9;10,0
;;;00:07:46;24,78;2,2;3,7;235;141,2;10,0
;;;00:07:47;24,76;1,8;3,7;222;138,5;10,0
;;;00:07:47;24,74;1,4;3,5;164;137,3;10,0
;;;00:07:48;24,72;1,0;3,5;227;135,3;10,0
;;;00:07:48;24,69;0,7;3,5;219;134,9;10,0
;;;00:07:48;24,67;0,4;3,6;214;132,0;10,0
;;;00:07:49;24,65;0,1;3,7;219;132,0;10,0
;;;00:07:50;24,62;-0,1;3,8;231;129,6;10,0
;;;00:07:50;24,60;-0,3;3,9;203;128,8;10,0
;;;00:07:50;24,58;-0,4;4,0;194;128,2;10,0
;;;00:07:51;24,56;-0,6;4,1;187;127,7;10,0
;;;00:07:51;24,53;-0,7;4,2;176;127,2;10,0
;;;00:07:52;24,51;-0,8;4,0;243;126,6;10,0
;;;00:07:52;24,49;-0,8;4,0;235;126,6;10,0
;;;00:07:53;24,47;-0,8;4,0;215;125,6;10,0
;;;00:07:53;24,45;-0,8;4,1;203;125,6;10,0
;;;00:07:53;24,43;-0,8;4,3;222;126,3;10,0
;;;00:07:54;24,41;-0,8;4,4;211;126,6;10,0
;;;00:07:54;24,39;-0,7;4,5;282;126,6;10,0
;;;00:07:55;24,37;-0,7;4,5;222;125,6;10,0
;;;00:07:55;24,34;-0,5;4,6;142;125,6;10,0
;;;00:07:55;24,32;-0,4;4,8;187;125,6;10,0
;;;00:07:56;24,30;-0,3;4,8;183;125,6;10,0
;;;00:07:56;24,28;-0,1;4,4;268;125,6;10,0
;;;00:07:57;24,26;0,1;4,6;195;125,6;10,0
;;;00:07:57;24,23;0,3;4,5;215;125,6;10,0
;;;00:07:57;24,21;0,5;4,8;195;124,8;10,0
;;;00:07:58;24,19;0,7;4,8;227;124,5;10,0
;;;00:07:58;24,17;1,0;4,8;215;124,8;10,0
;;;00:07:59;24,15;1,3;5,0;187;126,6;10,0
;;;00:07:59;24,13;1,6;5,0;209;126,6;10,0
;;;00:07:59;24,11;1,9;5,1;235;127,5;10,0
;;;00:08:00;24,09;2,2;5,2;235;127,7;10,0
;;;00:08:00;24,06;2,6;5,2;229;127,1;10,0
;;;00:08:01;24,04;2,9;5,0;235;125,6;10,0
;;;00:08:01;24,02;3,3;5,0;236;125,6;10,0
;;;00:08:01;24,00;4,1;5,0;243;126,5;10,0
;;;00:08:03;23,96;4,6;5,3;110;126,6;9,9
;;;00:08:03;23,93;5,0;5,4;472;126,6;9,9
;;;00:08:03;23,91;5,6;5,5;209;126,0;9,9
;;;00:08:04;23,88;6,0;5,6;331;125,6;10,0
;;;00:08:04;23,86;6,5;5,6;215;125,6;10,0
;;;00:08:05;23,84;7,3;5,7;153;125,6;10,0
;;;00:08:05;23,80;7,8;5,4;191;125,8;10,0
;;;00:08:06;23,78;8,3;5,2;204;126,6;10,0
;;;00:08:06;23,76;8,8;5,5;331;126,6;10,0
;;;00:08:07;23,74;9,6;5,6;122;126,6;9,9
;;;00:08:07;23,71;10,4;5,6;297;126,6;9,9
;;;00:08:08;23,68;10,9;5,7;246;126,6;10,0
;;;00:08:08;23,65;11,4;5,8;170;125,8;9,8
;;;00:08:09;23,63;11,9;5,9;211;124,5;9,6
;;;00:08:09;23,61;12,5;6,0;187;124,6;9,6
;;;00:08:10;23,59;13,0;5,6;150;125,6;10,0
;;;00:08:11;23,56;13,5;5,6;90;125,6;10,0
;;;00:08:11;23,54;14,0;5,9;171;125,6;10,0
;;;00:08:12;23,52;14,5;6,0;220;125,6;10,0
;;;00:08:12;23,50;14,9;6,1;176;125,6;10,0
;;;00:08:13;23,48;15,6;6,2;124;125,6;10,0
;;;00:08:13;23,45;16,1;6,4;109;125,6;10,0
;;;00:08:14;23,43;16,6;6,2;277;125,6;10,0
;;;00:08:15;23,40;17,0;5,8;153;124,9;10,0
;;;00:08:15;23,38;17,4;6,0;133;124,5;10,0
;;;00:08:16;23,36;17,9;6,2;110;125,6;10,0
;;;00:08:17;23,33;18,4;6,4;141;125,6;10,0
;;;00:08:17;23,31;18,7;6,4;161;125,7;10,0
;;;00:08:18;23,29;19,1;6,6;122;126,6;10,0
;;;00:08:19;23,26;19,5;6,7;156;125,8;10,0
;;;00:08:19;23,24;19,8;6,0;109;124,5;10,0
;;;00:08:20;23,21;20,1;6,3;146;124,5;10,0
;;;00:08:21;23,19;20,3;6,6;121;124,5;10,0
;;;00:08:21;23,17;20,6;6,7;93;124,5;10,0
;;;00:08:22;23,15;20,8;7,0;197;122,3;10,0
;;;00:08:22;23,13;21,0;7,1;135;122,3;10,0
;;;00:08:23;23,10;21,2;7,1;116;123,4;10,0
;;;00:08:24;23,08;21,3;6,3;94;123,4;10,0
;;;00:08:24;23,06;21,5;6,6;180;123,3;10,0
;;;00:08:25;23,03;21,5;6,8;146;122,3;10,0
;;;00:08:26;23,01;21,6;6,9;96;122,3;10,0
;;;00:08:26;22,99;21,7;7,1;170;122,3;10,0
;;;00:08:27;22,97;21,7;7,2;88;122,3;10,0
;;;00:08:28;22,95;21,7;6,7;95;122,3;9,9
;;;00:08:28;22,92;21,7;6,6;242;122,3;9,9
;;;00:08:29;22,89;21,7;6,8;181;121,3;10,0
;;;00:08:29;22,87;21,6;7,2;144;121,2;10,0
;;;00:08:30;22,85;21,5;7,3;54;121,2;10,0
;;;00:08:31;22,82;21,5;7,4;133;119,5;9,9
;;;00:08:31;22,80;21,3;7,6;150;119,2;9,9
;;;00:08:32;22,78;21,2;7,3;115;120,2;9,6
;;;00:08:33;22,76;21,1;6,8;137;118,7;9,8
;;;00:08:33;22,74;20,9;6,9;122;118,0;10,0
;;;00:08:34;22,71;20,7;7,1;145;118,0;10,0
;;;00:08:35;22,69;20,5;7,2;94;118,0;10,0
;;;00:08:35;22,67;20,4;7,3;165;118,0;10,0
;;;00:08:36;22,64;20,1;7,4;135;119,0;10,0
;;;00:08:37;22,62;19,9;7,2;126;119,1;9,9
;;;00:08:37;22,60;19,7;6,7;195;119,1;9,8
;;;00:08:38;22,57;19,5;6,5;159;118,6;9,9
;;;00:08:38;22,55;19,2;7,0;98;118,0;10,0
;;;00:08:39;22,53;18,9;7,1;697;118,0;10,0
;;;00:08:39;22,50;18,7;7,2;243;118,0;10,0
;;;00:08:40;22,48;18,4;7,3;171;117,3;10,0
;;;00:08:40;22,46;18,1;7,4;222;116,9;10,0
;;;00:08:41;22,43;17,8;7,5;177;116,9;9,9
;;;00:08:42;22,40;17,5;6,6;156;116,9;9,9
;;;00:08:42;22,38;17,3;6,5;168;116,9;10,0
;;;00:08:43;22,35;17,1;6,9;178;116,9;10,0
;;;00:08:43;22,33;16,8;6,9;149;116,9;10,0
;;;00:08:44;22,31;16,6;7,0;204;116,9;10,0
;;;00:08:44;22,29;16,4;7,0;195;116,9;10,0
;;;00:08:45;22,27;16,2;7,1;170;116,9;10,0
;;;00:08:45;22,24;16,0;7,2;152;116,9;10,0
;;;00:08:46;22,22;15,8;7,0;207;116,4;10,0
;;;00:08:46;22,20;15,6;6,4;189;115,8;10,0
;;;00:08:47;22,18;15,4;6,4;182;115,8;10,0
;;;00:08:47;22,16;15,3;6,8;181;115,8;10,0
;;;00:08:48;22,14;15,1;6,9;176;115,3;10,0
;;;00:08:48;22,12;15,0;7,0;187;114,8;10,0
;;;00:08:48;22,09;14,8;7,1;140;115,0;10,0
;;;00:08:49;22,07;14,7;7,3;205;115,8;10,0
;;;00:08:50;22,05;14,5;7,4;195;115,3;10,0
;;;00:08:50;22,03;14,4;7,1;201;113,7;10,0
;;;00:08:51;22,01;14,3;6,5;182;114,5;10,0
;;;00:08:51;21,98;14,2;6,4;194;115,8;10,0
;;;00:08:52;21,96;14,1;6,8;207;115,0;10,0
;;;00:08:52;21,94;14,1;6,8;195;113,7;10,0
;;;00:08:53;21,92;14,0;6,9;176;113,7;10,0
;;;00:08:53;21,89;14,0;7,0;201;113,7;10,0
;;;00:08:54;21,87;13,9;7,0;164;114,2;10,0
;;;00:08:54;21,85;13,9;7,1;182;114,8;10,0
;;;00:08:55;21,83;13,9;7,0;213;114,8;10,0
;;;00:08:55;21,80;13,8;6,3;183;114,8;10,0
;;;00:08:56;21,78;13,8;6,3;171;114,0;10,0
;;;00:08:56;21,76;13,8;6,7;150;113,7;10,0
;;;00:08:57;21,74;13,9;6,8;229;114,4;10,0
;;;00:08:57;21,71;13,9;6,9;176;114,8;10,0
;;;00:08:58;21,69;13,9;7,0;176;113,4;10,0
;;;00:08:58;21,67;14,0;7,2;212;112,6;10,0
;;;00:08:59;21,65;14,0;7,4;182;112,6;10,0
;;;00:08:59;21,63;14,1;6,8;176;112,6;10,0
;;;00:09:00;21,60;14,1;6,4;201;112,6;10,0
;;;00:09:00;21,58;14,2;6,5;164;112,6;10,0
;;;00:09:01;21,56;14,3;6,8;241;112,6;10,0
;;;00:09:01;21,54;14,3;6,8;213;112,6;10,0
;;;00:09:02;21,52;14,4;6,9;176;112,6;10,0
;;;00:09:02;21,50;14,5;7,0;206;112,6;10,0
;;;00:09:03;21,48;14,7;7,2;108;112,6;10,0
;;;00:09:04;21,44;14,8;6,6;161;112,6;9,7
;;;00:09:04;21,42;14,9;6,4;373;112,6;9,7
;;;00:09:05;21,40;15,0;6,4;199;111,9;9,6
;;;00:09:05;21,38;15,1;6,8;135;111,5;9,6
;;;00:09:06;21,36;15,2;6,8;195;112,0;9,6
;;;00:09:06;21,33;15,4;7,0;184;112,6;9,5
;;;00:09:07;21,31;15,5;7,1;172;112,3;9,6
;;;00:09:07;21,29;15,7;7,3;154;111,5;10,0
;;;00:09:08;21,27;15,8;7,4;186;111,5;10,0
;;;00:09:08;21,24;15,9;6,7;238;111,5;10,0
;;;00:09:09;21,22;16,0;6,4;213;111,5;10,0
;;;00:09:09;21,20;16,2;6,5;207;111,5;9,9
;;;00:09:10;21,18;16,3;6,7;195;111,3;9,9
;;;00:09:10;21,16;16,4;6,8;201;110,4;10,0
;;;00:09:11;21,14;16,6;6,9;201;110,4;10,0
;;;00:09:11;21,12;16,7;7,0;164;110,4;10,0
;;;00:09:12;21,10;16,9;7,1;182;110,0;10,0
;;;00:09:12;21,08;17,0;7,2;182;109,4;10,0
;;;00:09:13;21,06;17,2;6,6;182;109,4;10,0
;;;00:09:13;21,03;17,3;6,3;219;109,4;10,0
;;;00:09:14;21,01;17,6;6,5;191;108,7;10,0
;;;00:09:15;20,97;17,7;6,9;103;108,3;9,9
;;;00:09:16;20,95;17,9;7,2;313;108,3;9,8
;;;00:09:16;20,92;18,0;7,2;208;109,4;9,6
;;;00:09:17;20,90;18,1;7,3;127;109,4;9,6
;;;00:09:17;20,88;18,3;6,7;177;109,4;10,4
;;;00:09:18;20,86;18,4;6,3;155;109,4;10,2
;;;00:09:18;20,83;18,6;6,5;132;109,4;10,0
;;;00:09:19;20,81;18,7;6,7;203;108,8;9,8
;;;00:09:19;20,79;18,8;6,7;148;108,3;9,7
;;;00:09:20;20,77;18,9;6,8;268;108,3;9,8
;;;00:09:20;20,75;19,0;6,9;182;108,3;10,0
;;;00:09:21;20,73;19,2;7,0;195;108,9;10,0
;;;00:09:22;20,70;19,3;6,9;195;109,4;10,0
;;;00:09:22;20,68;19,4;6,2;176;109,4;10,0
;;;00:09:23;20,66;19,5;6,1;140;109,4;10,0
;;;00:09:23;20,64;19,6;6,5;157;108,4;10,0
;;;00:09:24;20,62;19,7;6,6;162;108,4;10,0
;;;00:09:24;20,60;19,8;6,8;165;109,4;10,0
;;;00:09:25;20,57;19,9;7,0;195;108,9;10,0
;;;00:09:25;20,55;20,0;7,1;157;108,3;10,0
;;;00:09:26;20,53;20,1;6,7;170;109,1;10,0
;;;00:09:27;20,50;20,2;6,2;168;109,4;10,0
;;;00:09:27;20,48;20,3;6,2;164;109,4;10,0
;;;00:09:28;20,45;20,4;6,5;72;108,7;10,0
;;;00:09:29;20,42;20,5;6,7;322;108,0;10,0
;;;00:09:29;20,39;20,6;6,7;166;107,2;9,9
;;;00:09:30;20,37;20,7;6,8;133;107,2;10,0
;;;00:09:30;20,35;20,7;6,6;141;107,2;10,0
;;;00:09:31;20,33;20,8;6,0;109;107,2;10,0
;;;00:09:32;20,31;20,9;6,0;159;107,2;10,0
;;;00:09:32;20,28;20,9;6,4;203;108,3;10,0
;;;00:09:33;20,26;21,0;6,5;130;108,1;10,0
;;;00:09:33;20,24;21,0;6,7;235;107,2;10,0
;;;00:09:34;20,22;21,1;6,8;161;107,2;10,0
;;;00:09:34;20,19;21,2;6,9;184;107,2;10,0
;;;00:09:35;20,17;21,2;6,6;161;106,8;10,0
;;;00:09:35;20,15;21,2;6,0;140;106,1;10,0
;;;00:09:36;20,13;21,3;5,9;158;106,1;10,0
;;;00:09:36;20,11;21,3;6,2;164;106,1;10,0
;;;00:09:37;20,09;21,4;6,2;182;106,1;10,0
;;;00:09:37;20,07;21,4;6,4;181;106,1;10,0
;;;00:09:38;20,05;21,4;6,4;193;106,8;10,0
;;;00:09:38;20,03;21,5;6,5;249;107,2;10,0
;;;00:09:39;20,01;21,5;6,6;148;106,4;10,0
;;;00:09:40;19,98;21,5;6,3;152;106,1;10,0
;;;00:09:40;19,96;21,6;5,7;176;106,1;10,0
;;;00:09:41;19,94;21,6;5,7;161;106,1;10,0
;;;00:09:41;19,92;21,7;6,1;184;106,1;10,0
;;;00:09:42;19,89;21,7;6,2;180;105,7;10,0
;;;00:09:42;19,87;21,7;6,4;184;105,0;10,0
;;;00:09:43;19,84;21,8;6,6;180;105,8;10,0
;;;00:09:44;19,82;21,8;6,7;157;106,1;10,0
;;;00:09:44;19,80;21,8;5,8;151;106,1;10,0
;;;00:09:45;19,78;21,9;5,6;146;106,1;10,0
;;;00:09:45;19,76;21,9;6,0;152;106,1;10,0
;;;00:09:46;19,74;21,9;6,1;160;105,5;10,0
;;;00:09:46;19,72;22,0;6,1;218;104,0;10,0
;;;00:09:47;19,69;22,0;6,2;201;104,0;10,0
;;;00:09:48;19,67;22,0;6,3;145;104,0;9,9
;;;00:09:48;19,65;22,1;6,4;162;104,0;10,0
;;;00:09:49;19,63;22,1;5,9;164;104,0;10,0
;;;00:09:49;19,60;22,1;5,6;182;104,0;10,0
;;;00:09:50;19,58;22,2;5,8;176;104,0;10,0
;;;00:09:50;19,56;22,2;6,1;170;104,0;10,0
;;;00:09:51;19,54;22,2;6,1;178;104,0;10,0
;;;00:09:51;19,51;22,3;6,2;175;104,0;10,0
;;;00:09:52;19,49;22,3;6,4;160;104,0;10,0
;;;00:09:52;19,47;22,3;6,5;213;104,0;10,0
;;;00:09:53;19,45;22,4;6,1;191;102,9;10,0
;;;00:09:53;19,43;22,4;5,6;150;101,8;10,0
;;;00:09:54;19,41;22,4;5,7;175;102,4;10,0
;;;00:09:55;19,38;22,5;5,9;146;102,9;10,0
;;;00:09:55;19,36;22,5;6,0;184;101,8;10,0
;;;00:09:56;19,34;22,6;6,1;165;102,2;10,0
;;;00:09:56;19,31;22,6;6,1;184;102,9;10,0
;;;00:09:57;19,29;22,6;6,3;165;102,1;10,0
;;;00:09:58;19,27;22,7;5,6;188;101,8;10,0
;;;00:09:58;19,25;22,7;5,3;195;101,8;10,0
;;;00:09:59;19,22;22,7;5,7;200;101,8;10,0
;;;00:09:59;19,20;22,8;5,9;201;101,8;10,0
;;;00:10:00;19,18;22,8;6,0;203;101,8;10,0
;;;00:10:00;19,15;22,9;6,1;176;101,8;10,0
;;;00:10:01;19,13;22,9;6,3;156;101,3;10,0
;;;00:10:02;19,11;22,9;6,2;169;100,7;10,0
;;;00:10:02;19,08;23,0;5,4;165;101,7;10,0
;;;00:10:03;19,06;23,0;5,5;173;101,8;10,0
;;;00:10:03;19,04;23,1;5,7;164;101,8;9,9
;;;00:10:04;19,02;23,1;5,8;217;101,8;10,0
;;;00:10:04;19,00;23,1;5,9;141;101,8;10,0
;;;00:10:05;18,97;23,2;6,0;140;101,1;10,0
;;;00:10:06;18,95;23,2;6,1;157;100,7;10,0
;;;00:10:06;18,93;23,2;5,9;156;101,6;10,0
;;;00:10:07;18,90;23,3;5,3;184;101,8;10,0
;;;00:10:07;18,88;23,3;5,5;171;101,8;10,0
;;;00:10:08;18,85;23,4;5,8;178;101,8;10,0
;;;00:10:09;18,83;23,4;5,9;169;101,8;10,0
;;;00:10:09;18,80;23,4;6,1;170;101,8;10,0
;;;00:10:10;18,78;23,5;6,3;140;101,8;10,0
;;;00:10:10;18,76;23,5;6,3;189;101,8;10,0
;;;00:10:11;18,74;23,5;5,5;182;101,0;10,0
;;;00:10:11;18,72;23,6;5,3;182;99,6;9,9
;;;00:10:12;18,69;23,6;5,7;180;100,2;10,0
;;;00:10:13;18,67;23,6;5,7;156;100,7;10,0
;;;00:10:13;18,65;23,7;5,8;157;99,6;10,0
;;;00:10:14;18,62;23,7;5,9;161;100,0;10,0
;;;00:10:14;18,60;23,7;6,0;130;100,7;10,0
;;;00:10:15;18,58;23,8;6,0;167;100,7;10,0
;;;00:10:15;18,56;23,8;5,4;156;100,7;10,0
;;;00:10:16;18,54;23,8;5,2;175;100,2;10,0
;;;00:10:16;18,52;23,9;5,6;176;99,6;10,0
;;;00:10:17;18,50;23,9;5,7;140;99,0;10,0
;;;00:10:18;18,48;23,9;5,8;189;98,6;10,0
;;;00:10:18;18,46;23,9;5,9;152;98,6;10,0
;;;00:10:19;18,43;24,0;6,0;170;98,6;10,0
;;;00:10:19;18,41;24,0;6,2;180;99,4;10,0
;;;00:10:20;18,39;24,0;5,4;173;99,8;10,0
;;;00:10:20;18,36;24,1;5,3;160;100,7;10,0
;;;00:10:21;18,34;24,1;5,5;151;100,2;10,0
;;;00:10:22;18,32;24,1;5,6;180;99,6;10,0
;;;00:10:22;18,30;24,2;5,7;230;99,6;10,0
;;;00:10:23;18,27;24,2;5,7;144;99,6;10,0
;;;00:10:23;18,25;24,2;5,8;207;98,7;9,9
;;;00:10:24;18,23;24,2;5,8;156;98,6;9,9
;;;00:10:24;18,21;24,3;5,1;164;98,6;10,0
;;;00:10:25;18,18;24,3;5,1;146;98,2;10,0
;;;00:10:26;18,16;24,3;5,4;156;97,5;10,0
;;;00:10:26;18,14;24,3;5,5;162;98,2;10,0
;;;00:10:27;18,12;24,4;5,7;164;98,6;10,0
;;;00:10:27;18,10;24,4;5,8;176;97,8;10,0
;;;00:10:28;18,07;24,4;6,0;188;97,5;10,0
;;;00:10:28;18,04;24,4;5,6;145;97,5;10,0
;;;00:10:29;18,02;24,4;5,0;136;97,1;10,0
;;;00:10:30;18,00;24,5;5,3;173;96,4;10,0
;;;00:10:30;17,98;24,5;5,4;161;96,4;10,0
;;;00:10:31;17,95;24,5;5,5;184;96,4;10,0
;;;00:10:31;17,93;24,5;5,6;174;96,4;10,0
;;;00:10:32;17,91;24,5;5,7;213;96,7;10,0
;;;00:10:32;17,89;24,5;5,8;213;97,5;10,0
;;;00:10:33;17,87;24,5;5,3;195;97,5;10,0
;;;00:10:33;17,85;24,6;4,9;176;97,5;10,0
;;;00:10:34;17,82;24,6;5,3;168;97,0;10,0
;;;00:10:35;17,80;24,6;5,5;151;96,4;10,0
;;;00:10:35;17,78;24,6;5,7;162;95,6;10,0
;;;00:10:36;17,76;24,6;5,8;146;95,3;10,0
;;;00:10:36;17,74;24,6;5,9;222;96,4;10,0
;;;00:10:37;17,71;24,6;6,0;207;96,4;10,0
;;;00:10:37;17,69;24,6;5,2;157;96,4;10,0
;;;00:10:38;17,67;24,6;5,1;145;96,9;10,0
;;;00:10:38;17,64;24,6;5,3;251;97,5;10,0
;;;00:10:39;17,62;24,6;5,4;160;96,8;10,0
;;;00:10:40;17,60;24,6;5,5;173;96,4;10,0
;;;00:10:40;17,58;24,6;5,5;158;96,4;10,0
;;;00:10:41;17,56;24,6;5,6;158;96,4;10,0
;;;00:10:41;17,54;24,6;5,7;163;95,5;10,0
;;;00:10:42;17,51;24,6;5,0;185;95,3;10,0
;;;00:10:42;17,49;24,5;4,8;195;95,3;10,0
;;;00:10:43;17,47;24,5;5,2;176;95,6;10,0
;;;00:10:43;17,45;24,5;5,3;176;96,4;10,0
;;;00:10:44;17,43;24,5;5,5;195;96,4;10,0
;;;00:10:44;17,41;24,5;5,6;164;96,4;10,0
;;;00:10:45;17,39;24,5;5,7;180;96,4;10,0
;;;00:10:46;17,36;24,5;5,9;178;96,4;10,0
;;;00:10:46;17,34;24,4;5,0;160;95,8;10,0
;;;00:10:47;17,32;24,4;4,9;128;95,3;10,0
;;;00:10:47;17,30;24,4;5,2;149;95,3;10,0
;;;00:10:48;17,27;24,4;5,2;173;95,3;10,0
;;;00:10:48;17,25;24,3;5,4;164;95,3;10,0
;;;00:10:49;17,23;24,3;5,4;164;95,3;10,0
;;;00:10:50;17,21;24,3;5,6;165;95,3;10,0
;;;00:10:50;17,19;24,2;5,6;222;95,9;10,0
;;;00:10:51;17,17;24,2;5,0;162;96,4;10,0
;;;00:10:51;17,15;24,2;4,7;181;97,0;10,0
;;;00:10:52;17,13;24,1;5,1;164;97,5;10,0
;;;00:10:52;17,10;24,1;5,2;182;96,2;10,0
;;;00:10:53;17,08;24,0;5,4;148;95,3;10,0
;;;00:10:53;17,06;24,0;5,6;150;95,3;10,0
;;;00:10:54;17,04;24,0;5,7;139;95,3;10,0
;;;00:10:54;17,02;23,9;5,6;164;95,3;10,0
;;;00:10:55;17,00;23,9;4,9;164;95,5;10,0
;;;00:10:55;16,97;23,8;4,7;195;96,4;10,0
;;;00:10:56;16,95;23,8;5,1;160;96,1;10,0
;;;00:10:56;16,93;23,7;5,2;146;95,3;10,0
;;;00:10:57;16,91;23,7;5,2;152;95,7;10,0
;;;00:10:58;16,89;23,6;5,3;158;96,4;10,0
;;;00:10:58;16,87;23,5;5,4;160;96,4;10,0
;;;00:10:59;16,84;23,4;5,5;205;96,4;9,9
;;;00:10:59;16,82;23,4;4,8;171;95,4;10,0
;;;00:11:00;16,79;23,3;4,7;137;95,1;10,0
;;;00:11:01;16,77;23,3;5,1;160;94,2;9,9
;;;00:11:01;16,75;23,2;5,2;162;94,8;9,9
;;;00:11:02;16,73;23,1;5,4;182;95,3;9,9
;;;00:11:03;16,70;23,0;5,6;77;95,3;10,0
;;;00:11:03;16,67;23,0;4,9;374;95,3;10,0
;;;00:11:04;16,65;22,9;4,7;361;95,3;10,0
;;;00:11:04;16,63;22,8;4,8;185;95,3;9,9
;;;00:11:05;16,60;22,8;5,0;127;95,3;9,9
;;;00:11:05;16,58;22,7;5,1;148;94,3;9,8
;;;00:11:06;16,56;22,7;5,2;331;94,2;9,7
;;;00:11:06;16,54;22,6;5,2;165;94,2;9,9
;;;00:11:07;16,52;22,6;5,3;174;94,2;10,0
;;;00:11:08;16,50;22,5;5,2;39;93,4;9,9
;;;00:11:08;16,48;22,4;4,6;389;93,2;9,9
;;;00:11:08;16,46;22,4;4,6;155;94,8;10,0
;;;00:11:09;16,44;22,3;4,9;308;95,3;10,0
;;;00:11:09;16,41;22,3;4,9;204;95,3;10,0
;;;00:11:10;16,39;22,2;5,1;179;95,4;10,0
;;;00:11:11;16,36;22,2;5,3;159;96,4;10,0
;;;00:11:11;16,34;22,2;5,4;217;95,9;10,0
;;;00:11:12;16,32;22,1;5,5;136;94,2;10,0
;;;00:11:12;16,29;22,1;4,7;139;94,2;9,7
;;;00:11:13;16,27;22,1;4,5;157;94,2;9,5
;;;00:11:13;16,25;22,0;4,8;208;94,2;9,8
;;;00:11:14;16,23;22,0;4,8;188;94,2;10,0
;;;00:11:14;16,21;22,0;4,9;176;94,9;10,0
;;;00:11:15;16,19;22,0;5,0;176;95,3;10,0
;;;00:11:15;16,16;22,0;5,0;213;95,3;10,0
;;;00:11:16;16,14;22,0;5,1;153;95,3;10,0
;;;00:11:16;16,12;22,0;5,0;153;95,3;10,0
;;;00:11:17;16,10;22,0;4,4;150;95,3;10,0
;;;00:11:17;16,08;22,0;4,5;164;95,3;10,0
;;;00:11:18;16,06;22,1;4,8;168;95,3;10,0
;;;00:11:18;16,04;22,1;4,9;138;94,5;10,0
;;;00:11:19;16,02;22,1;5,1;189;94,2;10,0
;;;00:11:19;16,00;22,2;5,2;195;94,2;10,0
;;;00:11:20;15,97;22,2;5,3;189;94,2;10,0
;;;00:11:20;15,95;22,3;5,3;213;95,2;10,0
;;;00:11:21;15,93;22,3;4,6;207;95,3;10,0
;;;00:11:21;15,91;22,4;4,3;213;94,4;10,0
;;;00:11:22;15,89;22,4;4,7;189;94,2;10,0
;;;00:11:22;15,87;22,5;4,7;188;94,2;10,0
;;;00:11:23;15,85;22,6;4,8;158;94,2;10,0
;;;00:11:23;15,83;22,7;4,9;157;93,2;10,0
;;;00:11:24;15,81;22,8;5,0;158;93,2;10,0
;;;00:11:24;15,78;22,9;5,0;189;94,2;10,0
;;;00:11:25;15,76;23,0;4,7;167;94,2;10,0
;;;00:11:26;15,74;23,1;4,3;170;94,2;10,0
;;;00:11:26;15,72;23,2;4,4;156;94,2;10,0
;;;00:11:27;15,69;23,3;4,6;164;94,2;10,0
;;;00:11:27;15,67;23,5;4,7;176;94,2;10,0
;;;00:11:28;15,65;23,6;4,8;182;94,2;10,0
;;;00:11:28;15,63;23,7;4,9;176;94,2;10,0
;;;00:11:29;15,61;23,9;5,1;158;94,2;10,0
;;;00:11:29;15,59;24,0;5,0;170;94,2;10,0
;;;00:11:30;15,57;24,1;4,4;182;94,2;10,0
;;;00:11:30;15,55;24,3;4,2;176;93,8;10,0
;;;00:11:31;15,53;24,4;4,5;176;93,2;9,9
;;;00:11:31;15,51;24,6;4,5;181;93,2;9,9
;;;00:11:32;15,49;24,8;4,6;153;93,2;9,9
;;;00:11:32;15,46;24,9;4,7;207;93,2;10,0
;;;00:11:33;15,44;25,1;4,8;212;93,2;10,0
;;;00:11:33;15,42;25,3;4,8;138;93,7;10,0
;;;00:11:34;15,40;25,4;4,5;187;94,2;10,0
;;;00:11:34;15,38;25,6;4,1;170;93,6;10,0
;;;00:11:35;15,36;25,7;4,2;182;93,2;10,0
;;;00:11:35;15,33;25,9;4,4;182;92,5;10,0
;;;00:11:36;15,31;26,1;4,6;164;92,1;10,0
;;;00:11:36;15,29;26,2;4,7;164;92,1;10,0
;;;00:11:37;15,27;26,4;4,8;170;92,1;10,0
;;;00:11:37;15,25;26,5;5,0;152;92,1;9,9
;;;00:11:38;15,23;26,7;4,9;170;92,1;9,9
;;;00:11:38;15,21;26,8;4,3;164;92,9;10,0
;;;00:11:39;15,19;27,0;4,2;182;93,2;10,0
;;;00:11:39;15,17;27,1;4,6;182;93,2;10,0
;;;00:11:40;15,15;27,3;4,7;180;93,2;10,0
;;;00:11:40;15,12;27,4;4,8;231;91,3;10,0
;;;00:11:41;15,10;27,5;4,9;140;91,0;10,0
;;;00:11:41;15,08;27,6;5,1;140;91,0;9,9
;;;00:11:42;15,06;27,8;5,1;139;91,0;9,9
;;;00:11:43;15,03;27,9;4,4;126;90,0;10,0
;;;00:11:43;15,01;28,0;4,5;136;90,1;10,0
;;;00:11:44;14,99;28,1;4,8;158;91,0;10,0
;;;00:11:44;14,97;28,1;5,0;170;91,1;10,0
;;;00:11:45;14,95;28,2;5,3;189;92,1;10,0
;;;00:11:45;14,93;28,3;5,5;189;91,9;10,0
;;;00:11:46;14,91;28,3;5,6;189;91,0;10,0
;;;00:11:46;14,88;28,3;4,8;195;90,7;10,0
;;;00:11:47;14,86;28,4;4,6;195;89,9;10,0
;;;00:11:47;14,84;28,4;5,1;174;89,8;10,0
;;;00:11:48;14,82;28,4;5,2;198;88,8;10,0
;;;00:11:48;14,80;28,4;5,4;187;89,1;10,0
;;;00:11:49;14,78;28,4;5,7;160;89,9;10,0
;;;00:11:49;14,76;28,4;5,8;172;89,9;10,0
;;;00:11:50;14,74;28,4;5,1;189;89,9;10,0
;;;00:11:50;14,72;28,3;4,7;195;90,3;10,0
;;;00:11:51;14,69;28,3;5,2;195;91,0;10,0
;;;00:11:51;14,67;28,2;5,4;195;91,0;10,0
;;;00:11:52;14,65;28,2;5,7;195;91,0;10,0
;;;00:11:53;14,63;28,1;6,1;76;89,4;9,9
;;;00:11:53;14,60;28,0;5,0;134;88,0;9,9
;;;00:11:53;14,58;27,9;5,0;649;87,8;10,0
;;;00:11:54;14,55;27,8;4,8;243;87,8;10,0
;;;00:11:55;14,53;27,6;5,3;207;88,7;9,9
;;;00:11:55;14,50;27,5;5,4;157;88,8;9,9
;;;00:11:56;14,48;27,4;5,7;140;87,8;9,5
;;;00:11:56;14,46;27,3;5,8;192;87,8;9,5
;;;00:11:56;14,44;27,1;5,9;188;88,7;9,9
;;;00:11:57;14,41;27,0;5,2;195;88,8;10,0
;;;00:11:57;14,39;26,9;4,7;211;89,6;10,0
;;;00:11:58;14,37;26,7;5,1;168;89,9;10,0
;;;00:11:58;14,34;26,5;5,4;154;89,4;9,9
;;;00:11:59;14,32;26,4;5,7;235;88,8;9,9
;;;00:11:59;14,29;26,1;6,1;202;88,2;9,9
;;;00:12:00;14,26;25,9;6,1;101;87,8;10,0
;;;00:12:01;14,23;25,8;5,2;290;87,8;9,8
;;;00:12:01;14,21;25,6;4,8;208;87,8;9,8
;;;00:12:02;14,19;25,5;5,3;180;89,4;9,5
;;;00:12:02;14,16;25,3;5,4;178;89,9;9,5
;;;00:12:03;14,14;25,1;5,6;208;89,9;9,8
;;;00:12:03;14,11;25,0;5,8;167;89,9;10,0
;;;00:12:04;14,09;24,8;6,1;159;89,1;10,0
;;;00:12:04;14,07;24,7;5,8;172;88,8;10,0
;;;00:12:05;14,04;24,5;5,0;180;88,2;10,0
;;;00:12:05;14,02;24,4;4,8;185;87,8;10,0
;;;00:12:06;14,00;24,2;5,5;163;87,8;10,0
;;;00:12:06;13,97;24,1;5,6;170;87,8;10,0
;;;00:12:06;13,95;24,0;5,8;249;87,8;10,0
;;;00:12:07;13,93;23,8;6,1;181;87,8;10,0
;;;00:12:07;13,91;23,7;6,4;195;88,0;10,0
;;;00:12:08;13,88;23,6;5,5;176;88,8;10,0
;;;00:12:08;13,86;23,5;4,8;195;88,8;10,0
;;;00:12:09;13,84;23,3;5,0;182;87,8;10,0
;;;00:12:09;13,81;23,2;5,3;201;87,8;10,0
;;;00:12:10;13,79;23,1;5,6;219;87,8;10,0
;;;00:12:10;13,76;23,0;5,8;231;87,8;10,0
;;;00:12:11;13,74;22,9;5,9;207;87,8;10,0
;;;00:12:11;13,72;22,8;5,9;243;87,6;10,0
;;;00:12:12;13,69;22,7;4,8;341;86,7;10,0
;;;00:12:12;13,67;22,6;4,7;157;86,7;10,0
;;;00:12:13;13,65;22,5;5,2;208;87,5;10,0
;;;00:12:13;13,63;22,4;5,5;195;87,8;10,0
;;;00:12:14;13,60;22,3;5,8;163;87,1;10,0
;;;00:12:14;13,58;22,2;6,2;200;86,7;10,0
;;;00:12:15;13,55;22,1;6,5;195;86,7;10,0
;;;00:12:15;13,53;22,0;5,7;176;86,7;10,0
;;;00:12:15;13,51;21,9;4,9;243;86,7;10,0
;;;00:12:16;13,48;21,8;4,9;201;86,7;10,0
;;;00:12:16;13,46;21,7;5,3;200;86,7;10,0
;;;00:12:17;13,44;21,6;5,6;195;86,7;10,0
;;;00:12:18;13,41;21,5;5,8;201;86,7;10,0
;;;00:12:18;13,39;21,4;6,0;194;86,7;10,0
;;;00:12:19;13,36;21,3;6,1;200;86,7;10,0
;;;00:12:19;13,34;21,2;4,8;249;86,7;10,0
;;;00:12:19;13,31;21,1;4,5;195;86,3;10,0
;;;00:12:20;13,29;21,0;5,0;227;85,6;10,0
;;;00:12:20;13,27;20,9;5,3;174;85,7;10,0
;;;00:12:21;13,24;20,8;5,7;171;86,7;10,0
;;;00:12:21;13,22;20,7;6,1;243;86,7;10,0
;;;00:12:22;13,20;20,6;6,4;176;85,6;10,0
;;;00:12:22;13,18;20,5;5,6;182;85,7;10,0
;;;00:12:23;13,15;20,4;4,7;195;86,7;10,0
;;;00:12:23;13,13;20,3;4,9;182;86,5;10,0
;;;00:12:24;13,10;20,1;5,2;219;85,6;10,0
;;;00:12:24;13,08;20,0;5,4;231;85,6;10,0
;;;00:12:25;13,05;19,9;5,7;259;85,6;10,0
;;;00:12:25;13,03;19,8;5,9;201;85,6;10,0
;;;00:12:26;13,01;19,7;6,0;195;85,6;9,9
;;;00:12:26;12,99;19,6;4,8;125;85,6;9,9
;;;00:12:27;12,96;19,5;4,9;83;85,6;9,9
;;;00:12:27;12,94;19,3;5,4;543;85,6;10,0
;;;00:12:28;12,91;19,2;5,7;193;85,6;10,0
;;;00:12:29;12,88;19,0;6,1;197;85,6;9,9
;;;00:12:29;12,85;18,9;6,4;347;85,6;9,8
;;;00:12:30;12,82;18,8;4,9;208;85,6;9,7
;;;00:12:30;12,80;18,6;4,5;272;85,6;9,7
;;;00:12:31;12,77;18,5;4,8;320;85,6;9,8
;;;00:12:31;12,75;18,4;5,1;215;85,6;9,9
;;;00:12:31;12,72;18,3;5,4;323;85,6;10,0
;;;00:12:32;12,69;18,2;5,6;207;85,6;10,0
;;;00:12:32;12,67;18,2;5,8;171;85,6;10,0
;;;00:12:33;12,65;18,1;6,0;341;85,6;10,0
;;;00:12:33;12,63;18,0;5,7;134;85,6;10,0
;;;00:12:34;12,61;17,9;4,6;263;86,2;10,0
;;;00:12:34;12,59;17,9;4,4;211;86,7;10,0
;;;00:12:34;12,57;17,8;5,0;237;86,7;10,1
;;;00:12:35;12,55;17,8;5,3;219;86,7;11,0
;;;00:12:35;12,53;17,7;5,7;214;86,7;11,0
;;;00:12:36;12,50;17,7;6,0;235;86,7;10,3
;;;00:12:36;12,48;17,6;6,3;188;86,7;10,0
;;;00:12:36;12,46;17,6;6,6;268;86,7;10,0
;;;00:12:37;12,44;17,5;5,2;195;86,7;10,0
;;;00:12:37;12,42;17,5;4,8;272;86,7;10,0
;;;00:12:38;12,40;17,5;4,6;227;86,1;10,0
;;;00:12:38;12,38;17,5;5,1;171;85,6;10,0
;;;00:12:38;12,36;17,5;5,3;235;85,6;10,0
;;;00:12:39;12,34;17,5;5,5;188;86,7;10,0
;;;00:12:39;12,32;17,5;5,7;268;86,7;10,0
;;;00:12:40;12,30;17,5;5,8;195;87,4;10,0
;;;00:12:40;12,28;17,5;6,0;215;87,8;10,0
;;;00:12:40;12,26;17,5;5,4;235;87,6;10,0
;;;00:12:41;12,23;17,5;4,5;243;86,7;10,0
;;;00:12:41;12,21;17,5;4,3;192;86,7;10,0
;;;00:12:42;12,19;17,6;4,9;235;85,2;10,0
;;;00:12:42;12,17;17,6;5,1;188;84,5;10,0
;;;00:12:42;12,15;17,6;5,4;290;84,5;10,0
;;;00:12:43;12,13;17,7;5,8;186;84,5;10,0
;;;00:12:43;12,11;17,7;6,0;236;84,5;10,0
;;;00:12:44;12,09;17,8;6,3;235;83,6;10,8
;;;00:12:44;12,07;17,9;5,2;209;83,4;11,0
;;;00:12:45;12,05;17,9;4,5;292;83,4;10,6
;;;00:12:45;12,03;18,0;4,4;256;83,4;10,0
;;;00:12:45;12,01;18,0;4,7;211;83,4;10,0
;;;00:12:46;11,99;18,1;4,9;209;83,4;10,7
;;;00:12:46;11,96;18,2;5,2;208;83,4;11,0
;;;00:12:46;11,94;18,3;5,4;187;83,3;10,8
;;;00:12:47;11,92;18,4;5,6;202;82,4;10,0
;;;00:12:47;11,90;18,4;5,7;227;82,4;10,0
;;;00:12:48;11,88;18,5;5,3;222;82,4;10,0
;;;00:12:48;11,86;18,6;4,3;268;82,4;10,0
;;;00:12:49;11,84;18,7;4,2;167;82,4;10,0
;;;00:12:49;11,82;18,8;4,7;276;82,4;10,0
;;;00:12:49;11,79;18,9;5,0;201;82,4;10,0
;;;00:12:50;11,77;19,0;5,3;259;82,4;10,0
;;;00:12:50;11,75;19,1;5,6;215;82,4;10,0
;;;00:12:51;11,73;19,2;6,0;195;82,4;10,0
;;;00:12:51;11,71;19,3;6,2;243;82,4;10,0
;;;00:12:52;11,68;19,4;4,9;211;82,4;10,2
;;;00:12:52;11,66;19,5;4,2;254;82,4;11,0
;;;00:12:52;11,64;19,6;4,5;245;82,4;11,0
;;;00:12:54;11,62;19,8;5,1;74;82,4;11,0
;;;00:12:54;11,59;19,9;5,5;470;82,4;11,0
;;;00:12:54;11,56;20,1;5,7;324;82,4;11,0
;;;00:12:55;11,53;20,2;5,2;122;81,4;11,0
;;;00:12:55;11,50;20,3;4,2;261;81,3;11,0
;;;00:12:56;11,48;20,5;4,2;140;81,3;10,0
;;;00:12:56;11,45;20,6;4,8;243;81,3;10,0
;;;00:12:57;11,42;20,7;5,2;208;80,2;9,6
;;;00:12:57;11,40;20,8;5,6;125;80,2;9,6
;;;00:12:58;11,38;20,9;6,0;239;79,1;10,0
;;;00:12:58;11,36;21,0;6,1;225;79,1;10,0
;;;00:12:59;11,33;21,1;4,5;251;79,1;10,0
;;;00:12:59;11,31;21,2;4,2;182;79,1;10,0
;;;00:13:00;11,28;21,3;4,5;133;79,1;10,0
;;;00:13:00;11,26;21,3;4,8;321;79,1;10,0
;;;00:13:01;11,24;21,4;5,1;146;79,1;10,0
;;;00:13:01;11,21;21,5;5,4;170;79,1;10,0
;;;00:13:01;11,19;21,6;5,7;202;79,1;10,0
;;;00:13:02;11,17;21,7;5,7;224;79,1;10,0
;;;00:13:02;11,15;21,8;4,2;209;79,1;10,0
;;;00:13:03;11,13;21,8;4,0;164;79,1;9,9
;;;00:13:03;11,10;21,9;4,5;219;79,1;9,9
;;;00:13:04;11,08;22,0;5,0;170;78,0;10,0
;;;00:13:05;11,05;22,1;5,4;194;78,0;10,0
;;;00:13:05;11,03;22,2;5,8;195;78,0;10,0
;;;00:13:06;11,00;22,2;5,9;176;78,0;10,0
;;;00:13:06;10,98;22,3;4,3;267;78,0;10,0
;;;00:13:06;10,95;22,3;4,0;162;78,0;10,0
;;;00:13:07;10,93;22,4;4,3;160;78,0;10,0
;;;00:13:07;10,91;22,5;4,5;243;78,0;10,0
;;;00:13:08;10,89;22,5;4,8;176;78,0;10,0
;;;00:13:08;10,86;22,6;5,1;182;78,0;10,0
;;;00:13:09;10,84;22,6;5,3;176;77,4;10,0
;;;00:13:09;10,82;22,7;5,2;182;77,0;10,0
;;;00:13:10;10,79;22,8;3,9;195;77,8;10,0
;;;00:13:10;10,77;22,8;3,9;176;78,0;10,0
;;;00:13:11;10,75;22,8;4,3;219;77,3;10,0
;;;00:13:11;10,73;22,9;4,7;235;77,0;10,0
;;;00:13:12;10,70;22,9;4,9;231;77,0;10,0
;;;00:13:12;10,68;23,0;5,5;224;77,0;10,0
;;;00:13:13;10,65;23,0;5,8;231;77,0;10,0
;;;00:13:13;10,63;23,1;4,4;235;77,0;10,0
;;;00:13:14;10,60;23,1;3,8;337;77,0;10,0
;;;00:13:14;10,58;23,2;4,1;246;77,0;10,0
;;;00:13:15;10,55;23,2;4,5;148;77,0;10,0
;;;00:13:15;10,53;23,2;4,7;192;77,0;10,0
;;;00:13:16;10,51;23,3;4,9;192;77,0;10,0
;;;00:13:16;10,49;23,3;5,1;191;77,0;10,0
;;;00:13:16;10,47;23,3;5,2;207;77,0;10,0
;;;00:13:17;10,44;23,4;4,0;212;77,0;10,0
;;;00:13:17;10,42;23,4;3,7;207;77,0;10,0
;;;00:13:18;10,39;23,4;4,1;219;75,9;10,0
;;;00:13:18;10,37;23,4;4,7;201;75,9;10,0
;;;00:13:19;10,35;23,5;5,0;231;77,0;10,0
;;;00:13:19;10,32;23,5;5,5;243;77,0;10,0
;;;00:13:20;10,30;23,5;5,8;219;76,2;10,0
;;;00:13:20;10,28;23,5;4,4;225;75,9;10,0
;;;00:13:21;10,25;23,6;3,8;225;76,8;10,0
;;;00:13:21;10,23;23,6;4,0;249;77,0;10,0
;;;00:13:22;10,21;23,6;4,4;202;77,0;10,0
;;;00:13:22;10,18;23,6;4,6;259;77,0;10,0
;;;00:13:23;10,15;23,7;4,9;252;76,4;10,0
;;;00:13:23;10,13;23,7;5,2;201;75,9;10,0
;;;00:13:24;10,11;23,7;4,9;202;75,9;10,0
;;;00:13:24;10,09;23,7;3,6;227;75,9;10,0
;;;00:13:25;10,07;23,7;3,7;219;75,9;10,0
;;;00:13:25;10,04;23,7;4,1;243;75,9;10,0
;;;00:13:26;10,02;23,7;4,7;225;75,9;10,0
;;;00:13:26;9,99;23,8;5,0;231;75,9;10,0
;;;00:13:27;9,97;23,8;5,4;201;75,9;10,0
;;;00:13:27;9,94;23,8;5,4;231;75,9;10,0
;;;00:13:28;9,92;23,8;3,8;188;75,4;10,0
;;;00:13:28;9,90;23,8;3,6;219;74,8;10,0
;;;00:13:29;9,88;23,8;3,8;176;74,8;10,0
;;;00:13:29;9,85;23,8;4,3;227;74,8;10,0
;;;00:13:29;9,83;23,8;4,5;158;74,8;10,0
;;;00:13:30;9,81;23,8;4,8;225;74,8;10,0
;;;00:13:31;9,78;23,8;5,2;195;74,8;10,0
;;;00:13:31;9,76;23,9;4,5;176;74,8;10,0
;;;00:13:31;9,74;23,9;3,6;243;74,8;10,0
;;;00:13:32;9,71;23,9;3,7;176;75,9;10,0
;;;00:13:32;9,69;23,9;4,2;219;75,9;10,0
;;;00:13:33;9,67;23,9;4,9;213;74,8;10,0
;;;00:13:34;9,64;23,9;5,2;213;74,8;10,0
;;;00:13:34;9,61;23,9;5,7;215;74,8;10,0
;;;00:13:35;9,59;23,9;5,1;188;74,8;10,0
;;;00:13:35;9,56;23,9;3,7;172;74,8;10,0
;;;00:13:36;9,54;23,9;3,9;97;74,8;10,0
;;;00:13:36;9,50;23,9;4,5;409;74,8;10,0
;;;00:13:37;9,48;23,9;4,7;280;75,5;10,6
;;;00:13:37;9,45;23,9;5,0;251;75,9;11,0
;;;00:13:38;9,43;23,9;5,2;243;75,1;11,0
;;;00:13:38;9,40;23,9;4,1;211;74,8;11,0
;;;00:13:39;9,38;23,9;3,5;195;74,8;10,9
;;;00:13:39;9,36;23,9;3,7;316;74,8;10,9
;;;00:13:40;9,34;24,0;4,3;219;74,8;11,0
;;;00:13:40;9,31;24,0;4,8;137;74,8;11,0
;;;00:13:41;9,29;24,0;5,2;230;74,8;10,3
;;;00:13:41;9,26;24,0;5,6;208;74,8;10,0
;;;00:13:42;9,24;24,0;5,1;176;74,8;9,9
;;;00:13:42;9,22;24,0;3,6;182;74,8;9,9
;;;00:13:43;9,20;24,0;3,6;263;74,8;9,9
;;;00:13:43;9,17;24,0;3,7;193;74,8;10,0
;;;00:13:44;9,15;24,0;4,3;231;74,7;10,0
;;;00:13:44;9,13;24,0;4,5;201;73,7;9,9
;;;00:13:44;9,10;24,0;5,0;217;73,7;9,9
;;;00:13:45;9,08;24,0;5,1;219;74,7;10,8
;;;00:13:45;9,06;24,1;4,3;176;74,8;11,0
;;;00:13:46;9,03;24,1;3,4;201;73,9;10,1
;;;00:13:47;9,01;24,1;3,6;201;73,7;10,0
;;;00:13:47;8,98;24,1;4,2;219;73,7;10,8
;;;00:13:48;8,96;24,1;4,8;219;73,7;10,9
;;;00:13:48;8,93;24,1;5,2;229;74,8;10,0
;;;00:13:49;8,91;24,1;5,7;172;74,8;10,0
;;;00:13:49;8,89;24,2;4,5;235;74,8;11,0
;;;00:13:49;8,86;24,2;3,5;215;74,8;11,0
;;;00:13:50;8,84;24,2;3,5;192;74,0;11,0
;;;00:13:50;8,81;24,2;4,1;184;73,7;11,0
;;;00:13:51;8,79;24,2;4,6;187;72,8;11,0
;;;00:13:51;8,77;24,3;4,7;189;72,6;11,0
;;;00:13:52;8,75;24,3;5,0;174;73,9;11,0
;;;00:13:52;8,72;24,3;5,1;176;74,8;11,0
;;;00:13:53;8,70;24,3;3,7;219;74,8;11,0
;;;00:13:53;8,67;24,3;3,4;219;74,8;11,0
;;;00:13:54;8,65;24,4;3,7;207;74,1;11,0
;;;00:13:54;8,63;24,4;4,5;251;73,7;10,9
;;;00:13:55;8,61;24,4;4,9;207;74,1;11,0
;;;00:13:55;8,58;24,4;5,4;209;74,8;11,0
;;;00:13:56;8,55;24,4;5,8;249;74,3;10,5
;;;00:13:56;8,53;24,4;4,1;205;73,7;10,0
;;;00:13:57;8,51;24,5;3,4;178;73,7;10,0
;;;00:13:57;8,49;24,5;3,4;194;73,7;9,9
;;;00:13:58;8,46;24,5;3,8;178;73,7;10,1
;;;00:13:58;8,44;24,5;4,3;131;73,7;10,9
;;;00:13:59;8,41;24,5;4,6;243;73,9;10,8
;;;00:13:59;8,39;24,5;5,0;203;74,8;10,0
;;;00:14:00;8,37;24,5;5,1;207;74,8;10,0
;;;00:14:00;8,35;24,5;3,4;237;74,8;10,0
;;;00:14:01;8,32;24,5;3,3;219;74,8;10,0
;;;00:14:01;8,30;24,5;3,5;268;74,8;10,0
;;;00:14:01;8,28;24,5;4,4;213;74,8;10,0
;;;00:14:02;8,25;24,5;4,9;200;74,0;10,7
;;;00:14:03;8,23;24,5;5,4;243;73,7;10,9
;;;00:14:03;8,20;24,4;5,6;225;74,8;11,0
;;;00:14:03;8,18;24,4;3,5;178;74,8;11,0
;;;00:14:04;8,16;24,4;3,3;170;74,8;10,2
;;;00:14:04;8,13;24,3;3,2;237;74,8;10,0
;;;00:14:05;8,11;24,3;4,0;164;75,6;10,0
;;;00:14:06;8,08;24,3;4,2;158;75,9;10,0
;;;00:14:06;8,06;24,2;4,6;235;75,0;10,8
;;;00:14:06;8,04;24,2;4,9;201;74,8;11,0
;;;00:14:07;8,01;24,1;4,4;225;74,8;11,0
;;;00:14:07;7,99;24,0;3,1;213;74,8;11,0
;;;00:14:08;7,96;24,0;3,2;195;74,8;11,0
;;;00:14:08;7,94;23,9;3,7;222;74,8;11,0
;;;00:14:09;7,92;23,8;4,6;164;74,8;11,0
;;;00:14:09;7,90;23,7;4,9;212;74,8;11,0
;;;00:14:10;7,87;23,6;5,5;235;75,9;10,5
;;;00:14:10;7,85;23,5;5,2;182;77,0;10,0
;;;00:14:11;7,83;23,4;3,1;165;76,5;10,4
;;;00:14:11;7,80;23,3;3,1;182;75,9;11,0
;;;00:14:12;7,78;23,2;3,3;195;75,9;10,6
;;;00:14:12;7,76;23,1;4,1;215;75,9;10,0
;;;00:14:13;7,73;22,9;4,3;207;75,6;10,0
;;;00:14:13;7,71;22,8;4,7;219;74,8;10,0
;;;00:14:14;7,68;22,7;4,9;189;74,4;10,4
;;;00:14:14;7,66;22,6;3,3;181;73,7;11,0
;;;00:14:15;7,64;22,4;3,0;164;73,7;11,0
;;;00:14:15;7,61;22,3;3,2;213;73,7;11,0
;;;00:14:16;7,59;22,1;4,1;195;73,7;11,0
;;;00:14:16;7,56;22,0;4,7;170;73,7;11,0
;;;00:14:17;7,54;21,8;5,1;235;73,7;11,0
;;;00:14:17;7,52;21,7;5,6;217;73,7;11,0
;;;00:14:18;7,49;21,6;3,9;188;73,7;11,0
;;;00:14:18;7,47;21,4;3,1;173;73,7;11,0
;;;00:14:19;7,45;21,3;3,5;83;73,1;10,9
;;;00:14:20;7,42;21,1;4,2;125;72,6;10,8
;;;00:14:20;7,40;21,0;4,2;1460;72,6;9,8
;;;00:14:20;7,37;20,8;4,4;484;72,6;9,8
;;;00:14:21;7,34;20,6;4,8;157;72,6;9,9
;;;00:14:21;7,32;20,5;4,3;292;72,6;10,0
;;;00:14:22;7,30;20,4;2,8;216;72,6;10,0
;;;00:14:22;7,28;20,3;3,0;184;72,6;10,7
;;;00:14:22;7,26;20,2;3,1;204;72,6;11,0
;;;00:14:23;7,24;20,0;4,2;232;72,6;10,6
;;;00:14:23;7,22;19,9;4,9;169;72,6;10,0
;;;00:14:24;7,20;19,8;5,0;127;72,6;10,0
;;;00:14:24;7,17;19,7;5,6;297;72,6;10,0
;;;00:14:25;7,15;19,6;5,6;229;72,6;10,0
;;;00:14:25;7,13;19,5;2,9;195;72,6;10,6
;;;00:14:25;7,11;19,4;3,0;230;72,6;10,9
;;;00:14:26;7,09;19,3;2,9;222;72,6;10,9
;;;00:14:26;7,07;19,2;3,0;195;72,6;11,0
;;;00:14:26;7,04;19,1;4,0;235;72,6;11,0
;;;00:14:27;7,02;19,0;4,1;215;73,3;11,0
;;;00:14:27;7,00;18,9;4,4;235;73,7;11,0
;;;00:14:28;6,98;18,9;4,9;188;73,9;10,8
;;;00:14:28;6,96;18,8;5,0;266;74,8;9,9
;;;00:14:29;6,94;18,7;3,2;194;74,8;9,9
;;;00:14:29;6,92;18,7;2,9;187;75,4;10,0
;;;00:14:29;6,90;18,6;3,0;227;75,9;10,0
;;;00:14:30;6,88;18,5;3,3;268;75,9;10,1
;;;00:14:30;6,86;18,5;4,6;195;75,9;11,0
;;;00:14:31;6,84;18,4;5,0;211;75,9;11,0
;;;00:14:31;6,82;18,4;5,4;215;75,9;10,3
;;;00:14:31;6,79;18,3;6,0;210;75,9;10,0
;;;00:14:32;6,77;18,3;4,5;225;76,7;10,0
;;;00:14:32;6,75;18,3;3,0;253;78,0;10,0
;;;00:14:33;6,73;18,2;3,2;227;78,0;10,0
;;;00:14:33;6,71;18,2;2,9;238;78,0;10,0
;;;00:14:33;6,69;18,2;3,8;226;78,0;10,0
;;;00:14:34;6,67;18,1;4,7;158;78,4;10,3
;;;00:14:34;6,65;18,1;4,7;181;79,1;11,0
;;;00:14:35;6,63;18,1;5,4;292;79,1;11,0
;;;00:14:35;6,61;18,1;5,6;188;79,1;10,1
;;;00:14:35;6,58;18,0;4,9;268;79,1;10,0
;;;00:14:36;6,56;18,0;2,6;211;79,1;10,5
;;;00:14:36;6,54;18,0;3,1;202;79,1;11,0
;;;00:14:37;6,52;18,0;3,1;266;79,1;11,0
;;;00:14:37;6,50;18,0;4,5;188;79,1;10,0
;;;00:14:38;6,47;18,0;5,3;300;79,1;10,0
;;;00:14:38;6,44;18,0;5,6;193;80,8;10,8
;;;00:14:39;6,42;18,0;6,3;243;81,3;11,0
;;;00:14:39;6,40;18,0;5,1;197;81,3;10,3
;;;00:14:39;6,38;18,0;2,8;188;81,3;10,0
;;;00:14:40;6,36;18,0;3,1;182;80,6;10,2
;;;00:14:40;6,34;18,0;2,7;236;77,0;11,0
;;;00:14:41;6,32;17,9;3,9;219;77,0;11,0
;;;00:14:41;6,30;17,9;4,8;259;76,1;10,1
;;;00:14:41;6,28;17,9;4,9;215;75,9;10,0
;;;00:14:42;6,26;17,9;5,6;210;74,8;10,3
;;;00:14:42;6,23;17,9;5,4;236;72,6;11,0
;;;00:14:43;6,21;17,9;4,1;219;72,6;11,0
;;;00:14:43;6,19;17,9;2,6;211;69,9;10,1
;;;00:14:43;6,17;17,9;3,1;215;69,4;10,0
;;;00:14:44;6,15;17,9;3,1;276;68,9;10,4
;;;00:14:44;6,13;17,9;5,2;231;68,3;10,9
;;;00:14:45;6,10;17,9;5,9;267;68,7;10,9
;;;00:14:45;6,08;17,9;6,1;155;70,5;11,0
;;;00:14:46;6,06;17,9;6,6;178;70,5;11,0
;;;00:14:46;6,04;17,9;5,3;195;69,7;10,9
;;;00:14:46;6,02;17,9;2,5;243;69,4;10,9
;;;00:14:47;6,00;17,9;3,2;219;68,3;11,0
;;;00:14:47;5,98;17,9;2,7;229;66,2;11,0
;;;00:14:48;5,95;17,9;3,9;268;66,2;11,0
;;;00:14:48;5,93;17,9;4,9;181;63,4;10,9
;;;00:14:48;5,91;17,9;5,1;219;62,9;10,9
;;;00:14:49;5,89;17,9;5,5;219;62,2;10,9
;;;00:14:49;5,87;17,9;5,8;202;60,8;11,0
;;;00:14:50;5,85;17,9;4,9;268;60,8;11,0
;;;00:14:50;5,83;17,9;2,2;211;59,7;11,0
;;;00:14:51;5,81;17,9;3,1;222;59,7;11,0
;;;00:14:51;5,79;17,9;2,7;292;59,7;11,0
;;;00:14:51;5,76;17,9;4,4;196;59,7;11,0
;;;00:14:52;5,74;17,9;5,7;219;59,7;11,0
;;;00:14:52;5,72;17,9;5,8;219;57,5;11,0
;;;00:14:53;5,70;17,9;6,4;188;57,5;11,0
;;;00:14:53;5,67;17,9;6,0;219;57,5;11,0
;;;00:14:53;5,65;17,9;2,1;219;57,5;11,0
;;;00:14:54;5,63;17,8;3,2;181;58,0;11,0
;;;00:14:54;5,61;17,8;2,6;243;58,6;11,0
;;;00:14:55;5,59;17,8;3,7;186;58,6;11,0
;;;00:14:55;5,57;17,8;5,0;222;57,7;11,0
;;;00:14:56;5,55;17,8;5,0;235;57,5;11,0
;;;00:14:56;5,53;17,8;5,4;193;57,5;11,0
;;;00:14:56;5,51;17,8;5,6;268;57,5;11,0
;;;00:14:57;5,49;17,8;5,5;187;57,5;11,0
;;;00:14:57;5,47;17,8;2,0;222;57,5;11,0
;;;00:14:58;5,45;17,8;2,9;253;57,5;11,0
;;;00:14:58;5,42;17,7;2,6;201;58,1;11,0
;;;00:14:58;5,40;17,7;4,3;351;58,6;11,0
;;;00:14:59;5,38;17,7;5,6;176;58,2;11,0
;;;00:14:59;5,35;17,7;5,7;193;56,4;11,0
;;;00:15:00;5,33;17,7;6,4;215;56,4;11,0
;;;00:15:00;5,31;17,7;6,4;211;56,4;11,0
;;;00:15:01;5,29;17,6;2,2;202;56,4;11,0
;;;00:15:01;5,27;17,6;3,0;268;56,4;11,0
;;;00:15:01;5,25;17,6;2,4;188;56,4;11,0
;;;00:15:02;5,23;17,6;3,4;292;56,4;11,0
;;;00:15:02;5,21;17,5;5,0;178;56,4;10,9
;;;00:15:03;5,19;17,5;5,1;201;56,4;10,9
;;;00:15:03;5,17;17,5;5,4;268;55,7;11,0
;;;00:15:03;5,14;17,5;5,6;259;55,4;11,0
;;;00:15:04;5,12;17,4;5,6;282;55,4;11,0
;;;00:15:04;5,09;17,4;2,0;178;55,4;10,9
;;;00:15:05;5,07;17,3;3,2;217;55,4;10,9
;;;00:15:05;5,05;17,3;2,5;243;56,4;11,0
;;;00:15:06;5,03;17,3;4,2;188;56,4;11,0
;;;00:15:06;5,01;17,2;5,6;227;57,0;11,0
;;;00:15:06;4,99;17,2;5,7;194;57,5;11,0
;;;00:15:07;4,97;17,1;6,4;266;57,5;11,0
;;;00:15:07;4,95;17,1;6,5;195;55,4;11,0
;;;00:15:08;4,93;17,0;3,2;215;55,4;11,0
;;;00:15:08;4,91;17,0;2,8;195;56,1;11,0
;;;00:15:08;4,89;16,9;2,5;215;56,4;11,0
;;;00:15:09;4,86;16,9;2,7;235;56,1;11,0
;;;00:15:09;4,84;16,8;4,5;284;54,3;11,0
;;;00:15:10;4,81;16,7;5,0;204;54,3;11,0
;;;00:15:10;4,79;16,7;5,4;197;54,3;11,0
;;;00:15:11;4,76;16,6;5,5;186;54,3;11,0
;;;00:15:11;4,74;16,5;3,1;292;54,3;11,0
;;;00:15:12;4,72;16,5;2,3;146;54,3;11,0
;;;00:15:12;4,70;16,4;2,8;174;54,3;11,0
;;;00:15:12;4,68;16,3;3,0;292;54,3;11,0
;;;00:15:13;4,66;16,3;5,1;187;54,3;11,0
;;;00:15:13;4,64;16,2;5,7;236;54,3;10,9
;;;00:15:14;4,62;16,1;5,9;235;54,3;10,9
;;;00:15:14;4,59;16,1;6,7;219;54,3;11,0
;;;00:15:14;4,57;16,0;6,0;236;54,3;11,0
;;;00:15:15;4,55;15,9;1,7;235;55,0;11,0
;;;00:15:15;4,53;15,8;3,4;181;58,6;11,0
;;;00:15:16;4,51;15,8;1,9;235;58,6;11,0
;;;00:15:16;4,49;15,7;3,7;188;55,5;11,0
;;;00:15:17;4,47;15,6;5,0;267;54,3;11,0
;;;00:15:17;4,45;15,6;5,1;194;54,6;11,0
;;;00:15:17;4,43;15,5;5,5;319;55,4;11,0
;;;00:15:18;4,40;15,4;5,5;288;55,4;11,0
;;;00:15:18;4,38;15,3;4,9;182;55,4;11,0
;;;00:15:19;4,36;15,2;1,7;211;55,4;11,0
;;;00:15:19;4,34;15,2;3,4;169;56,1;11,0
;;;00:15:19;4,31;15,1;2,7;211;56,4;11,0
;;;00:15:20;4,29;15,0;4,8;194;56,1;11,0
;;;00:15:20;4,27;15,0;5,9;219;55,4;11,0
;;;00:15:21;4,25;14,9;5,8;260;55,4;11,0
;;;00:15:21;4,23;14,8;6,6;222;55,4;11,0
;;;00:15:22;4,21;14,8;6,6;251;55,4;11,0
;;;00:15:22;4,18;14,7;2,2;243;55,4;11,0
;;;00:15:22;4,16;14,6;3,3;284;55,4;11,0
;;;00:15:23;4,14;14,6;2,4;203;55,4;11,0
;;;00:15:23;4,12;14,5;2,9;229;55,4;11,0
;;;00:15:24;4,09;14,5;4,8;276;55,4;11,0
;;;00:15:24;4,07;14,4;4,8;251;55,4;11,0
;;;00:15:24;4,05;14,4;5,1;236;55,4;11,0
;;;00:15:25;4,03;14,3;5,6;272;55,4;11,0
;;;00:15:25;4,01;14,3;5,8;195;55,4;11,0
;;;00:15:26;3,98;14,2;2,6;195;55,4;11,0
;;;00:15:26;3,96;14,2;3,4;195;55,4;11,0
;;;00:15:26;3,94;14,1;2,5;276;55,4;11,0
;;;00:15:27;3,91;14,1;3,7;251;55,4;11,0
;;;00:15:27;3,89;14,0;5,7;236;55,4;11,0
;;;00:15:28;3,87;14,0;5,8;251;55,4;11,0
;;;00:15:28;3,85;14,0;6,3;234;55,4;10,3
;;;00:15:29;3,83;13,9;6,9;249;55,4;10,0
;;;00:15:29;3,80;13,9;4,2;251;55,2;10,2
;;;00:15:29;3,78;13,8;2,5;236;54,3;11,0
;;;00:15:30;3,76;13,8;3,0;235;54,3;11,0
;;;00:15:30;3,74;13,7;2,4;236;55,1;11,0
;;;00:15:30;3,72;13,6;3,8;353;55,4;11,0
;;;00:15:31;3,69;13,6;4,9;243;55,6;11,0
;;;00:15:31;3,67;13,5;5,0;188;56,4;11,0
;;;00:15:32;3,64;13,4;5,5;232;56,4;11,0
;;;00:15:32;3,62;13,4;5,6;217;55,5;10,9
;;;00:15:33;3,60;13,3;3,7;213;55,4;10,9
;;;00:15:33;3,58;13,2;2,4;219;54,8;11,0
;;;00:15:33;3,56;13,1;3,1;214;54,3;11,0
;;;00:15:34;3,53;12,9;3,0;274;54,3;11,0
;;;00:15:34;3,51;12,8;5,0;260;55,4;11,0
;;;00:15:35;3,49;12,7;5,8;222;55,4;11,0
;;;00:15:35;3,47;12,4;6,1;243;54,8;11,0
;;;00:15:36;3,43;12,1;4,6;95;55,1;11,0
;;;00:15:37;3,40;11,9;3,6;562;56,4;11,0
;;;00:15:37;3,38;11,7;3,0;328;56,4;11,0
;;;00:15:37;3,36;11,4;1,9;204;56,4;11,0
;;;00:15:38;3,34;11,1;3,1;210;56,4;11,0
;;;00:15:38;3,31;10,8;4,7;172;55,9;10,8
;;;00:15:39;3,29;10,5;4,9;234;55,4;10,6
;;;00:15:39;3,27;10,1;5,3;303;55,4;10,6
;;;00:15:39;3,25;9,8;5,6;195;56,4;11,0
;;;00:15:40;3,22;9,4;3,8;150;56,4;11,0
;;;00:15:40;3,20;9,0;2,6;181;57,2;10,3
;;;00:15:41;3,18;8,5;3,1;165;57,5;10,0
;;;00:15:41;3,16;8,0;2,6;263;57,5;10,0
;;;00:15:41;3,14;7,5;4,3;235;56,4;11,0
;;;00:15:42;3,12;7,0;5,9;195;56,4;11,0
;;;00:15:42;3,10;6,4;5,8;292;57,5;11,0
;;;00:15:42;3,08;5,7;6,5;187;58,6;11,0
;;;00:15:43;3,06;5,1;6,7;236;58,6;11,0
;;;00:15:43;3,04;4,4;2,4;227;58,6;11,0
;;;00:15:44;3,02;3,7;3,2;181;58,6;11,0
;;;00:15:44;3,00;2,9;2,2;268;57,9;11,0
;;;00:15:45;2,98;2,1;2,4;186;57,5;11,0
;;;00:15:45;2,95;1,3;4,3;181;57,5;11,0
;;;00:15:45;2,93;0,4;4,6;266;57,5;11,0
;;;00:15:46;2,91;-0,6;4,7;254;57,5;11,0
;;;00:15:46;2,89;-1,6;5,4;207;58,2;11,0
;;;00:15:47;2,87;-3,9;5,3;148;58,6;11,0
;;;00:15:48;2,82;-5,2;2,5;87;58,6;10,1
;;;00:15:48;2,80;-6,4;2,4;1362;58,6;9,9
;;;00:15:48;2,78;-7,8;3,9;236;59,7;11,0
;;;00:15:49;2,75;-9,0;5,9;308;59,7;11,0
;;;00:15:49;2,73;-10,4;5,6;208;59,7;11,0
;;;00:15:50;2,71;-12,4;6,2;139;59,6;11,0
;;;00:15:50;2,68;-14,0;3,7;188;58,6;11,0
;;;00:15:51;2,66;-15,8;2,7;210;58,6;11,0
;;;00:15:52;2,63;-17,5;2,4;165;62,5;11,0
;;;00:15:52;2,61;-19,2;3,4;211;62,9;11,0
;;;00:15:52;2,58;-20,7;4,9;189;63,9;10,1
;;;00:15:53;2,56;-22,3;4,6;188;64,0;10,0
;;;00:15:53;2,54;-24,1;5,3;203;66,9;10,0
;;;00:15:54;2,52;-26,0;5,6;225;68,3;10,0
;;;00:15:54;2,49;-27,6;2,7;225;70,5;10,0
;;;00:15:55;2,47;-29,6;3,3;222;72,6;10,0
;;;00:15:55;2,45;-31,5;2,5;243;72,6;10,0
;;;00:15:56;2,42;-33,2;4,0;168;72,6;10,0
;;;00:15:56;2,40;-35,2;4,6;341;72,6;10,0
;;;00:15:57;2,38;-37,6;1,6;213;70,5;10,0
;;;00:15:57;2,35;-39,3;0,8;243;72,4;10,0
;;;00:15:57;2,33;-41,4;0,6;184;78,0;10,0
;;;00:15:58;2,30;-43,5;0,5;211;77,5;10,0
;;;00:15:58;2,28;-45,2;0,5;182;73,7;10,0
;;;00:15:59;2,26;-47,1;0,5;236;73,7;10,0
;;;00:15:59;2,23;-48,8;0,5;201;77,0;10,0
;;;00:16:00;2,21;-50,9;0,5;219;77,0;10,0
;;;00:16:00;2,19;-52,8;0,5;219;77,0;10,7
;;;00:16:01;2,16;-54,8;0,5;176;77,0;11,0
;;;00:16:01;2,14;-56,5;0,5;219;73,2;11,0
;;;00:16:02;2,12;-58,4;0,5;259;72,6;11,0
;;;00:16:02;2,09;-60,6;0,5;250;73,3;10,4
;;;00:16:03;2,06;-62,6;0,5;225;73,7;10,0
;;;00:16:03;2,04;-64,4;0,5;191;74,4;10,6
;;;00:16:04;2,01;-65,9;0,5;200;74,8;11,0
;;;00:16:04;1,99;-67,6;0,5;188;73,3;11,0
;;;00:16:05;1,97;-69,3;0,5;195;72,6;11,0
;;;00:16:05;1,94;-70,7;0,5;201;72,6;11,0
;;;00:16:06;1,92;-72,2;0,5;227;72,6;11,0
;;;00:16:06;1,90;-73,6;0,5;225;72,6;10,5
;;;00:16:07;1,88;-75,1;0,5;229;72,6;10,0
;;;00:16:07;1,85;-76,3;0,5;176;71,4;10,0
;;;00:16:08;1,83;-77,5;0,5;219;69,4;10,0
;;;00:16:08;1,81;-78,8;0,5;235;69,4;10,0
;;;00:16:08;1,79;-80,3;0,5;243;66,6;10,9
;;;00:16:09;1,76;-81,6;0,5;268;66,2;11,0
;;;00:16:09;1,74;-82,9;0,5;231;67,2;11,0
;;;00:16:10;1,71;-84,1;0,5;184;67,2;11,0
;;;00:16:10;1,69;-85,0;0,5;158;67,2;10,0
;;;00:16:11;1,66;-86,0;0,5;209;67,2;10,0
;;;00:16:11;1,64;-86,9;0,5;182;65,4;10,9
;;;00:16:12;1,62;-87,8;0,5;219;65,1;11,0
;;;00:16:12;1,60;-88,7;0,5;201;66,7;11,0
;;;00:16:13;1,57;-89,4;0,5;249;67,2;11,0
;;;00:16:13;1,55;-90,2;0,5;167;65,7;10,3
;;;00:16:14;1,53;-90,8;0,5;194;65,1;10,0
;;;00:16:14;1,51;-91,6;0,5;193;66,2;10,0
;;;00:16:15;1,48;-92,1;0,5;182;67,2;10,0
;;;00:16:15;1,46;-92,7;0,5;227;66,5;10,0
;;;00:16:16;1,44;-93,3;0,5;222;65,1;10,0
;;;00:16:16;1,42;-93,8;0,5;207;64,7;10,1
;;;00:16:16;1,39;-94,3;0,5;243;61,8;11,0
;;;00:16:17;1,37;-94,7;0,5;222;61,8;11,0
;;;00:16:17;1,35;-95,2;0,5;168;61,1;11,0
;;;00:16:18;1,33;-95,6;0,5;168;60,8;11,0
;;;00:16:18;1,30;-95,9;0,5;174;60,8;11,0
;;;00:16:19;1,28;-96,3;0,5;195;60,8;11,0
;;;00:16:19;1,26;-96,7;0,5;219;60,0;11,0
;;;00:16:20;1,23;-96,9;0,5;231;58,6;11,0
;;;00:16:20;1,21;-97,2;0,5;203;59,0;11,0
;;;00:16:21;1,19;-97,5;0,5;215;59,7;11,0
;;;00:16:21;1,17;-97,7;0,5;207;59,1;11,0
;;;00:16:22;1,14;-97,9;0,5;201;55,4;10,9
;;;00:16:22;1,12;-98,1;0,5;268;55,4;10,9
;;;00:16:22;1,10;-98,3;0,5;181;53,5;10,9
;;;00:16:23;1,08;-98,5;0,5;215;53,2;10,9
;;;00:16:23;1,05;-98,6;0,5;211;52,5;11,0
;;;00:16:24;1,03;-98,7;0,5;227;52,1;11,0
;;;00:16:24;1,01;-98,9;0,5;201;51,7;11,0
;;;00:16:25;0,98;-99,0;0,5;167;51,0;10,9
;;;00:16:25;0,95;-99,1;0,5;176;49,7;11,0
;;;00:16:26;0,93;-99,2;0,5;176;48,9;11,0
;;;00:16:26;0,91;-99,3;0,5;217;49,4;11,0
;;;00:16:27;0,89;-99,4;0,5;235;50,0;10,9
;;;00:16:27;0,86;-99,4;0,5;215;49,7;10,9
;;;00:16:27;0,84;-99,5;0,5;219;47,8;11,0
;;;00:16:28;0,82;-99,6;0,5;176;47,8;11,0
;;;00:16:28;0,80;-99,6;0,5;219;47,8;11,0
;;;00:16:29;0,78;-99,6;0,5;235;47,8;11,0
;;;00:16:29;0,75;-99,7;0,5;215;46,6;11,0
;;;00:16:30;0,73;-99,7;0,5;164;45,6;10,9
;;;00:16:30;0,71;-99,8;0,5;227;45,1;11,0
;;;00:16:31;0,69;-99,8;0,5;219;44,6;11,0
;;;00:16:31;0,66;-99,8;0,5;267;44,0;11,0
;;;00:16:32;0,64;-99,8;0,5;234;41,3;11,0
;;;00:16:32;0,62;-99,9;0,5;222;41,3;11,0
;;;00:16:33;0,59;-99,9;0,5;152;41,3;11,0
;;;00:16:33;0,56;-99,9;0,5;237;41,2;11,0
;;;00:16:34;0,54;-99,9;0,5;231;40,2;11,0
;;;00:16:34;0,52;-99,9;0,5;235;40,2;11,0
;;;00:16:34;0,50;-99,9;0,5;202;38,4;11,0
;;;00:16:35;0,48;-99,9;0,5;219;38,1;11,0
;;;00:16:35;0,45;-99,9;0,5;218;37,5;10,9
;;;00:16:36;0,43;-100,0;0,5;231;37,0;10,9
;;;00:16:36;0,41;-100,0;0,5;203;36,5;10,9
;;;00:16:37;0,39;-100,0;0,5;202;35,9;11,0
;;;00:16:37;0,37;-100,0;0,5;227;35,9;11,0
;;;00:16:37;0,35;-100,0;0,5;222;34,8;11,0
;;;00:16:38;0,32;-100,0;0,5;243;34,8;11,0
;;;00:16:38;0,30;-100,0;0,5;253;35,5;11,0
;;;00:16:39;0,27;-100,0;0,5;164;35,9;11,0
;;;00:16:40;0,24;-100,0;0,5;88;34,9;11,0
;;;00:16:40;0,21;-100,0;0,5;511;34,8;10,9
;;;00:16:41;0,18;-100,0;0,5;325;34,8;10,9
;;;00:16:42;0,14;-100,0;0,5;176;34,8;10,6
;;;00:16:42;0,12;-100,0;0,5;474;34,8;10,6
;;;00:16:42;0,09;-100,0;0,5;295;34,8;10,8
;;;00:16:43;0,05;-100,0;0,5;199;34,8;10,8
;;;00:16:43;0,02;-100,0;0,5;192;34,8;10,9
;;;00:16:43;0,00;-100,0;0,5;438;34,8;11,0
;;;00:16:44;-0,05;-100,0;0,5;165;34,7;11,0
;;;00:16:45;-0,10;-100,0;0,5;286;33,8;11,0
;;;00:16:45;-0,12;-100,0;0,5;470;33,8;11,0
;;;00:16:45;-0,15;-100,0;0,5;730;33,8;11,0
;;;00:16:45;-0,17;-100,0;0,5;487;33,8;11,0
;;;00:16:45;-0,20;-100,0;0,5;584;33,8;11,0
;;;00:16:46;-0,23;-100,0;0,5;493;33,8;11,0
;;;00:16:46;-0,28;-100,0;0,5;330;33,8;11,0
;;;00:16:46;-0,31;-100,0;0,5;354;35,5;10,9
;;;00:16:47;-0,33;-100,0;0,5;551;35,9;10,9
;;;00:16:47;-0,36;-100,0;0,5;258;35,9;10,9
;;;00:16:47;-0,39;-100,0;0,5;464;35,9;10,9
;;;00:16:47;-0,42;-100,0;0,5;385;35,9;11,0
;;;00:16:48;-0,45;-100,0;0,5;527;35,9;11,0
;;;00:16:48;-0,49;-100,0;0,5;545;35,9;11,0
;;;00:16:49;-0,53;-100,0;0,5;281;35,0;10,9
;;;00:16:49;-0,59;-100,0;0,5;603;34,8;10,9
;;;00:16:49;-0,62;-100,0;0,5;641;34,8;10,9
;;;00:16:49;-0,65;-100,0;0,5;584;34,8;11,0
;;;00:16:50;-0,67;-100,0;0,5;608;34,8;11,0
;;;00:16:50;-0,70;-100,0;0,5;568;34,8;11,0
;;;00:16:50;-0,72;-100,0;0,5;633;34,8;11,0
;;;00:16:50;-0,75;-100,0;0,5;551;34,8;11,0
;;;00:16:51;-0,78;-100,0;0,5;365;34,8;11,0
;;;00:16:51;-0,80;-100,0;0,5;454;34,8;11,0
;;;00:16:51;-0,82;-100,0;0,5;437;34,8;11,0
;;;00:16:51;-0,86;-100,0;0,5;663;35,2;11,0
;;;00:16:51;-0,89;-100,0;0,5;648;35,9;11,0
;;;00:16:52;-0,91;-100,0;0,5;340;35,9;11,0
;;;00:16:52;-0,95;-100,0;0,5;426;35,9;11,0
;;;00:16:52;-0,98;-100,0;0,5;714;35,9;11,0
;;;00:16:53;-1,03;-100,0;0,5;353;34,9;10,9
;;;00:16:53;-1,05;-100,0;0,5;1168;34,8;10,9
;;;00:16:53;-1,12;-100,0;0,5;378;35,5;10,5
;;;00:16:54;-1,15;-100,0;0,5;476;35,9;10,3
;;;00:17:04;-1,16;-100,0;0,5;14;34,9;10,9
;;;00:17:14;-1,16;-100,0;0,5;0;34,4;11,0
;;;00:17:24;-1,16;-100,0;1,1;0;34,5;11,0
;;;00:17:34;-1,16;-100,0;1,2;0;34,4;10,9
;;;00:17:44;-1,16;-100,0;1,2;0;22,4;7,9
;;;00:17:54;-1,16;-100,0;1,2;0;19,1;7,0
;;;00:18:04;-1,16;-100,0;1,2;0;19,0;7,0
;;;00:18:14;-1,16;-100,0;1,2;0;20,0;7,0
;;;00:18:24;-1,16;-100,0;1,2;0;-6,0;1,7
;;;00:18:34;-1,16;-100,0;1,2;0;-10,8;0,0
;;;00:18:44;-1,16;-100,0;1,2;0;-10,5;0,0
;;;00:18:54;-1,16;-100,0;1,2;0;-10,5;0,0
;;;00:19:04;-1,16;-100,0;1,2;0;-10,5;0,0
;;;00:19:14;-1,16;-100,0;1,2;0;-9,7;0,0
;;;00:19:24;-1,16;-100,0;1,2;1;-9,4;0,0
;;;00:19:35;-1,16;-100,0;1,2;0;-9,3;0,0
;;;00:19:44;-1,13;-100,0;1,1;6;-8,9;0,0
;;;00:19:45;-1,11;-100,0;1,1;278;-9,4;0,0
;;;00:19:45;-1,09;-100,0;1,1;309;-9,4;0,0
;;;00:19:55;-1,08;-100,0;1,2;8;-9,3;0,0
;;;00:20:05;-1,07;-100,0;1,2;1;7,7;1,6
;;;00:20:15;-1,07;-100,0;1,2;0;-7,3;0,0
;;;00:20:18;-1,04;-100,0;1,2;18;-12,8;0,0
;;;00:20:18;-1,02;-100,0;1,2;402;-11,6;0,0
;;;00:20:19;-1,00;-100,0;1,2;414;-11,6;0,0
;;;00:20:19;-0,97;-100,0;1,2;843;-11,6;0,0
;;;00:20:19;-0,94;-100,0;1,2;551;-11,6;0,0
;;;00:20:19;-0,92;-100,0;1,2;341;-11,6;0,0
;;;00:20:20;-0,89;-100,0;1,2;441;-11,6;0,0
;;;00:20:20;-0,87;-100,0;1,2;474;-11,6;0,0
;;;00:20:20;-0,83;-100,0;1,2;665;-11,6;0,0
;;;00:20:21;-0,80;-100,0;1,2;248;-11,6;0,0
;;;00:20:21;-0,76;-100,0;1,2;392;-11,6;0,0
;;;00:20:31;-0,75;-100,0;1,2;8;-10,7;0,0
;;;00:20:38;-0,73;-100,0;1,2;11;-9,9;0,0
;;;00:20:38;-0,71;-100,0;1,2;295;-9,4;0,0
;;;00:20:39;-0,68;-100,0;1,2;331;-9,4;0,0
;;;00:20:39;-0,65;-100,0;1,2;487;-9,4;0,0
;;;00:20:39;-0,63;-100,0;1,2;389;-9,4;0,0
;;;00:20:39;-0,61;-100,0;1,2;487;-9,4;0,0
;;;00:20:40;-0,58;-100,0;1,2;389;-9,4;0,0
;;;00:20:40;-0,55;-100,0;1,2;428;-9,4;0,0
;;;00:20:40;-0,52;-100,0;1,2;399;-9,4;0,0
;;;00:20:41;-0,49;-100,0;1,2;389;-9,4;0,0
;;;00:20:51;-0,48;-100,0;1,2;8;-8,7;0,0
;;;00:21:01;-0,48;-100,0;1,2;3;-8,4;0,0
;;;00:21:11;-0,49;-100,0;1,2;1;-8,4;0,0
;;;00:21:21;-0,49;-100,0;1,2;2;-8,4;0,0
;;;00:21:31;-0,49;-100,0;1,2;2;-8,4;0,0
;;;00:21:41;-0,48;-100,0;1,2;1;-8,4;0,0
;;;00:21:51;-0,48;-100,0;1,2;2;-8,4;0,0
;;;00:22:00;-0,46;-100,0;1,2;6;-8,4;0,0
;;;00:22:00;-0,44;-100,0;1,2;260;-8,4;0,0
;;;00:22:00;-0,41;-100,0;1,2;289;-8,4;0,0
;;;00:22:01;-0,38;-100,0;1,2;337;-8,4;0,0
;;;00:22:01;-0,36;-100,0;1,2;487;-8,4;0,0
;;;00:22:01;-0,34;-100,0;1,2;389;-8,4;0,0
;;;00:22:01;-0,31;-100,0;1,2;389;-8,4;0,0
;;;00:22:02;-0,29;-100,0;1,2;399;-8,4;0,0
;;;00:22:02;-0,26;-100,0;1,2;341;-8,4;0,0
;;;00:22:02;-0,24;-100,0;1,2;272;-8,4;0,0
;;;00:22:06;-0,24;-100,0;1,2;49;-8,4;0,0
